246,weserv.nl
247,ahmadali.nl
248,petities.nl
249,vtwonen.nl
250,jouwpagina.nl
251,tele2.nl
252,tubantia.nl
253,eyefilm.nl
254,surf.nl
255,boijmans.nl
256,rtvutrecht.nl
257,studyinholland.nl
258,duo.nl
259,omroepwest.nl
260,rodekruis.nl
261,adscience.nl
262,zorgwijzer.nl
263,voetbalzone.nl
264,psv.nl
265,amc.nl
266,werk.nl
267,fontys.nl
268,vodafone.nl
269,sanoma.nl
270,koninklijkhuis.nl
271,managementboek.nl
272,naturalis.nl
273,rtlz.nl
274,pathe.nl
275,uwpagina.nl
276,ou.nl
277,detelefoongids.nl
278,snsbank.nl
279,trimbos.nl
280,svb.nl
281,airbnb.nl
282,kijk.nl
283,vn.nl
284,babycare.nl
285,adformatie.nl
286,degeschillencommissie.nl
287,rsm.nl
288,interrai-pedia.nl
289,rtvdrenthe.nl
290,gvb.nl
291,4movierulz.nl
292,umcg.nl
293,girlscene.nl
294,nd.nl
295,online-stunt.nl
296,nen.nl
297,lc.nl
298,noordhollandsdagblad.nl
299,webwinkelkeur.nl
300,paradiso.nl
301,ddw.nl
302,fnv.nl
303,beginthier.nl
304,iamexpat.nl
305,eerstekamer.nl
306,kieskeurig.nl
307,goedbegin.nl
308,thuisarts.nl
309,cbr.nl
310,operaballet.nl
311,casino-echt-geld.nl
312,conrad.nl
313,hku.nl
314,klantenvertellen.nl
315,nemosciencemuseum.nl
316,amnesty.nl
317,cpb.nl
318,ds1.nl
319,hetnieuweinstituut.nl
320,gezondheidsnet.nl
321,pzc.nl
322,uitzendinggemist.nl
323,minbuza.nl
324,rembrandthuis.nl
325,noordhoff.nl
326,iae.nl
327,vng.nl
328,flabber.nl
329,beeldengeluid.nl
330,hartstichting.nl
331,indebuurt.nl
332,vogelbescherming.nl
333,evertkok.nl
334,eenvandaag.nl
335,mature.nl
336,pay.nl
337,npo3fm.nl
338,ftm.nl
339,nemokennislink.nl
340,nluug.nl
341,amsterdam-dance-event.nl
342,nailtalk.nl
343,kruidvat.nl
344,ruu.nl
345,mijnalbum.nl
346,xsbb.nl
347,webklik.nl
348,deltares.nl
349,schooltv.nl
350,quicknet.nl
351,omropfryslan.nl
352,consuwijzer.nl
353,axc.nl
354,quotenet.nl
355,inholland.nl
356,538.nl
357,speurders.nl
358,intermediair.nl
359,niedziela.nl
360,yourhosting.nl
361,smulweb.nl
362,libris.nl
363,9292ov.nl
364,1limburg.nl
365,omroepzeeland.nl
366,delpher.nl
367,rai.nl
368,zorgkaartnederland.nl
369,eigenstart.nl
370,tpo.nl
371,praxis.nl
372,eigenhuis.nl
373,krollermuller.nl
374,sp.nl
375,nnadministratie.nl
376,netherlandsandyou.nl
377,dse.nl
378,nvwa.nl
379,wkap.nl
380,binnenlandsbestuur.nl
381,kwf.nl
382,groenlinks.nl
383,essayschrijvenhulp.nl
384,active24.nl
385,forum2go.nl
386,nocnsf.nl
387,blokker.nl
388,bright.nl
389,pvda.nl
390,surfnet.nl
391,omroepflevoland.nl
392,d66.nl
393,autowereld.nl
394,onderzoeksraad.nl
395,kunsthal.nl
396,feyenoord.nl
397,npo3.nl
398,melkweg.nl
399,gamma.nl
400,s-bb.nl
401,l1.nl
402,artis.nl
403,dierenbescherming.nl
404,onzetaal.nl
405,plus.nl
406,fietsersbond.nl
407,avans.nl
408,ictrecht.nl
409,netherlandsworldwide.nl
410,telfort.nl
411,alternate.nl
412,zxcs-klant.nl
413,scp.nl
414,whattowatch.nl
415,dutchcowboys.nl
416,larsjuh.nl
417,3fm.nl
418,jeugdjournaal.nl
419,hpdetijd.nl
420,computeridee.nl
421,nn.nl
422,seniorennet.nl
423,saxion.nl
424,nporadio2.nl
425,speelgoedprijs.nl
426,kadaster.nl
427,lasertrace.nl
428,financieeldossier.nl
429,ivn.nl
430,tvgids.nl
431,internetconsultatie.nl
432,sprout.nl
433,bruna.nl
434,gelderland.nl
435,bax-shop.nl
436,computertotaal.nl
437,deondernemer.nl
438,tivolivredenburg.nl
439,autoscout24.nl
440,cultureelerfgoed.nl
441,mt.nl
442,antenna.nl
443,ov-chipkaart.nl
444,gemeentemuseum.nl
445,ahk.nl
446,libelle.nl
447,vumc.nl
448,ritel.nl
449,galaxyclub.nl
450,scientias.nl
451,radio1.nl
452,startbewijs.nl
453,antagonist.nl
454,zilverenkruis.nl
455,hetwinkeltjerozenburg.nl
456,unive.nl
457,dichtbij.nl
458,klm.nl
459,oneworld.nl
460,perfectenagels.nl
461,bovag.nl
462,groningermuseum.nl
463,centraalmuseum.nl
464,zonmw.nl
465,knoware.nl
466,bart.nl
467,asser.nl
468,voetbalprimeur.nl
469,europa-nu.nl
470,pwc.nl
471,androidworld.nl
472,kro.nl
473,vvd.nl
474,cobouw.nl
475,partyflock.nl
476,dezwijger.nl
477,nationaalarchief.nl
478,bouwbedrijfansing.nl
479,jck.nl
480,aanmelder.nl
481,ser.nl
482,nji.nl
483,groupon.nl
484,v2.nl
485,itc.nl
486,fonq.nl
487,weerplaza.nl
488,brandweer.nl
489,noord-holland.nl
490,facebook.nl
491,aup.nl
492,malmberg.nl
493,mpi.nl
494,evenementenhal.nl
495,nijmegen.nl
496,amsterdammuseum.nl
497,sbs6.nl
498,exto.nl
499,code2chicken.nl
500,tropenmuseum.nl
