1,google.dk
2,ku.dk
3,dr.dk
4,au.dk
5,bloggersdelight.dk
6,dtu.dk
7,tv2.dk
8,ekstrabladet.dk
9,aau.dk
10,bt.dk
11,um.dk
12,sdu.dk
13,politiken.dk
14,cphpost.dk
15,jyllands-posten.dk
16,blogspot.dk
17,berlingske.dk
18,pinterest.dk
19,cbs.dk
20,thelocal.dk
21,dba.dk
22,clars.dk
23,dmi.dk
24,datatilsynet.dk
25,kk.dk
26,kb.dk
27,skat.dk
28,ipapercms.dk
29,tele.dk
30,e-pages.dk
31,sst.dk
32,big.dk
33,information.dk
34,mcg.dk
35,natmus.dk
36,onlineklubben.dk
37,noma.dk
38,e-boks.dk
39,retsinformation.dk
40,louisiana.dk
41,ruc.dk
42,itu.dk
43,sunsite.dk
44,skoleporten.dk
45,denmark.dk
46,b.dk
47,ioi.dk
48,roskilde-festival.dk
49,borsen.dk
50,dst.dk
51,altinget.dk
52,golfbox.dk
53,dandomain.dk
54,tivoli.dk
55,panoramas.dk
56,mst.dk
57,politi.dk
58,kvadrat.dk
59,jobnet.dk
60,hay.dk
61,nemlog-in.dk
62,genki.dk
63,sundhed.dk
64,nyidanmark.dk
65,wayf.dk
66,krak.dk
67,danskebank.dk
68,abus.dk
69,auc.dk
70,borger.dk
71,ens.dk
72,omtv.dk
73,bold.dk
74,ssi.dk
75,fyens.dk
76,fugleedderkop.dk
77,elgiganten.dk
78,dsb.dk
79,ing.dk
80,yousee.dk
81,cph.dk
82,viaplay.dk
83,videnskab.dk
84,virk.dk
85,gullerupstrandkro.dk
86,ft.dk
87,lectio.dk
88,demenscafeensvenner.dk
89,jp.dk
90,ufm.dk
91,sn.dk
92,jobindex.dk
93,ices.dk
94,kristeligt-dagblad.dk
95,nordnet.dk
96,legoland.dk
97,finans.dk
98,breyerscandinavia.dk
99,xn--aabyhj-tennis-fnb.dk
100,pricerunner.dk
101,rejseplanen.dk
102,just-eat.dk
103,findsmiley.dk
104,computerworld.dk
105,nordea.dk
106,tdc.dk
107,postnord.dk
108,ankiro.dk
109,get2net.dk
110,coop.dk
111,dfi.dk
112,dk-hostmaster.dk
113,cop15.dk
114,dac.dk
115,herskabet.dk
116,coronasmitte.dk
117,jubii.dk
118,jetfighters.dk
119,seoghoer.dk
120,kongehuset.dk
121,eniro.dk
122,streetphoto.dk
123,jv.dk
124,middeldatabasen.dk
125,proshop.dk
126,mikkeller.dk
127,smk.dk
128,hestelav.dk
129,diku.dk
130,123hjemmeside.dk
131,sy-sol.dk
132,nationalbanken.dk
133,purelove.dk
134,bilbasen.dk
135,kaimo.dk
136,unilogin.dk
137,emu.dk
138,cybercity.dk
139,zalando.dk
140,coronaprover.dk
141,nordjyske.dk
142,xn--bllerne-q1a.dk
143,forbrug.dk
144,tv2lorry.dk
145,nummerpladerammen.dk
146,dbu.dk
147,ordnet.dk
148,euroinvestor.dk
149,fugleognatur.dk
150,danskindustri.dk
151,cancer.dk
152,dandomainserver.dk
153,uvm.dk
154,odense.dk
155,sydspanien.dk
156,jyskebank.dk
157,saxoinvestor.dk
158,edc.dk
159,ludomanistudier.dk
160,maccomputer.dk
161,gyldendal.dk
162,tropaadet.dk
163,leholt.dk
164,raceofman.dk
165,fuglehandel.dk
166,com4tzone.dk
167,foedevarestyrelsen.dk
168,nybolig.dk
169,business.dk
170,avisen.dk
171,erhvervsstyrelsen.dk
172,lokalavisen.dk
173,via.dk
174,aarhus.dk
175,naturstyrelsen.dk
176,denstoredanske.dk
177,taenk.dk
178,stiften.dk
179,kino.dk
180,adservicemedia.dk
181,regionh.dk
182,bilka.dk
183,fynsvom.dk
184,etgroup.dk
185,kglteater.dk
186,power.dk
187,magasin.dk
188,dyndns.dk
189,statsbiblioteket.dk
190,ticketmaster.dk
191,forsvaret.dk
192,viksoe.dk
193,elitesilkeborg.dk
194,kongernessamling.dk
195,fys-kranio.dk
196,powerthinking.dk
197,komplett.dk
198,askesimonsen.dk
199,joshuacanfield.dk
200,tiny.dk
201,hairlosshelp.dk
202,aros.dk
203,flashscore.dk
204,diis.dk
205,csdb.dk
206,home.dk
207,annoncelight.dk
208,aula.dk
209,anderssonanalytics.dk
210,kvinfo.dk
211,tripadvisor.dk
212,proff.dk
213,geus.dk
214,computersalg.dk
215,bet365.dk
216,dk-camp.dk
217,bolius.dk
218,stm.dk
219,matas.dk
220,loebesiden.dk
221,version2.dk
222,energinet.dk
223,laegemiddelstyrelsen.dk
224,mnretail.dk
225,propvalue.dk
226,boligportal.dk
227,iqtest.dk
228,tv2fyn.dk
229,firstmonday.dk
230,billetto.dk
231,cmsimple.dk
232,gamereactor.dk
233,tidsskrift.dk
234,erhvervscentrum.dk
235,boligsiden.dk
236,lavrsen.dk
237,aheidemann.dk
238,rema1000.dk
239,lygte-info.dk
240,danskespil.dk
241,danskfirmayoga.dk
242,nikse.dk
243,sats-kbh.dk
244,olekpetersen.dk
245,perfect-body.dk
246,kum.dk
247,studyindenmark.dk
248,dagens.dk
249,cphdox.dk
250,wannafindserver.dk
251,ucsyd.dk
252,idippedut.dk
253,kvl.dk
254,gettyimages.dk
255,alt.dk
256,foto-klub.dk
257,ssz.dk
258,vikingeskibsmuseet.dk
259,fck.dk
260,homepage.dk
261,bauhaus.dk
262,dkuug.dk
263,degulesider.dk
264,ug.dk
265,dagens6.dk
266,designmuseum.dk
267,di.dk
268,etilbudsavis.dk
269,foetex.dk
270,rigshospitalet.dk
271,mobilepay.dk
272,kongeligeslotte.dk
273,harald-nyborg.dk
274,kadk.dk
275,coolshop.dk
276,guloggratis.dk
277,xconsult.dk
278,amino.dk
279,tilbudspakke.dk
280,rm.dk
281,studentlife.dk
282,regionsyddanmark.dk
283,su.dk
284,nbi.dk
285,tipsbladet.dk
286,mipnet.dk
287,bibliotek.dk
288,e-conomic.dk
289,gaffa.dk
290,jysk.dk
291,solunasoftware.dk
292,brics.dk
293,gudsoegaard.dk
294,fdm.dk
295,europenews.dk
296,sydbank.dk
297,nihilogic.dk
298,ugeavisen.dk
299,dhh.dk
300,tv2east.dk
301,tvmidtvest.dk
302,tv2nord.dk
303,hockeymagasinet.dk
304,postdanmark.dk
305,rn.dk
306,fdel.dk
307,klid.dk
308,telenor.dk
309,ritzau.dk
310,fif-orientering.dk
311,3f.dk
312,fm.dk
313,nykredit.dk
314,kp.dk
315,mpsoftware.dk
316,helle.dk
317,fagbladsguiden.dk
318,vancetjek.dk
319,landbrugsavisen.dk
320,teknologisk.dk
321,zetasystem.dk
322,domstol.dk
323,justitsministeriet.dk
324,volbeat.dk
325,lex.dk
326,systime.dk
327,realmaeglerne.dk
328,gemal.dk
329,flaskedrengene.dk
330,nordschleswiger.dk
331,telia.dk
332,onlineguiden.dk
333,zoo.dk
334,guerillaguiden.dk
335,sa.dk
336,ucn.dk
337,emilkirkegaard.dk
338,sindnet.dk
339,billetlugen.dk
340,hungry.dk
341,slks.dk
342,iglobe.dk
343,edbpriser.dk
344,airbnb.dk
345,3.dk
346,mfvm.dk
347,nemtilmeld.dk
348,m.dk
349,whinn.dk
350,logicnet.dk
351,sikkertrafik.dk
352,femina.dk
353,emaerket.dk
354,aok.dk
355,danbolig.dk
356,antrading.dk
357,marinalystcamp.dk
358,at.dk
359,netsite.dk
360,finnodderskov.dk
361,knock-out.dk
362,stofanet.dk
363,tvsyd.dk
364,dgi.dk
365,survey-xact.dk
366,nordicchoicehotels.dk
367,almbrand.dk
368,xn--sorpendlerklub-sqb.dk
369,scannet.dk
370,rundetaarn.dk
371,karting.dk
372,isbo.dk
373,dobbeltdildo.dk
374,netdoktor.dk
375,toyota.dk
376,aarhuskortet.dk
377,bobedre.dk
378,aaart.dk
379,zip.dk
380,jemogfix.dk
381,mx.dk
382,finanstilsynet.dk
383,gratisdns.dk
384,denblaaplanet.dk
385,vejdirektoratet.dk
386,sum.dk
387,erawanwellness.dk
388,digst.dk
389,nord-ad.dk
390,silvan.dk
391,dengamleby.dk
392,123mc.dk
393,electroncash.dk
394,ormekurtilkat.dk
395,ida.dk
396,xl-byg.dk
397,biltorvet.dk
398,kulturarv.dk
399,danishfamilysearch.dk
400,footlocker.dk
401,hfengly.dk
402,boligmagasinet.dk
403,bilgalleri.dk
404,lsb.dk
405,stofa.dk
406,humanrights.dk
407,herognu.dk
408,trafikstyrelsen.dk
409,ucl.dk
410,pinselauget.dk
411,auschwitz.dk
412,samso.dk
413,ellingborger.dk
414,weekendavisen.dk
415,dk-kogebogen.dk
416,ploeh.dk
417,capnordic.dk
418,timemarket.dk
419,davidsenshop.dk
420,scan-play.dk
421,stormfashion.dk
422,shl.dk
423,spraytanclinic.dk
424,visitdenmark.dk
425,orient-gif.dk
426,viafree.dk
427,ureflex.dk
428,bruun-rasmussen.dk
429,torvehallernekbh.dk
430,regeringen.dk
431,bakken.dk
432,ofir.dk
433,workindenmark.dk
434,aiaiai.dk
435,em.dk
436,b2bbonus.dk
437,netto.dk
438,noerskov.dk
439,tntark.dk
440,momondo.dk
441,bodybuilding.dk
442,kl.dk
443,rybiograf.dk
444,hiper.dk
445,thansen.dk
446,lejligheditenerife.dk
447,sparnord.dk
448,simplychocolate.dk
449,lvb-as.dk
450,kinoringsted.dk
451,golf.dk
452,dogging.dk
453,amix.dk
454,stps.dk
455,valdemarsro.dk
456,worldonline.dk
457,glyptoteket.dk
458,termshare-academy.dk
459,aalborg.dk
460,travelmarket.dk
461,naevneneshus.dk
462,hundogfix.dk
463,spillemyndigheden.dk
464,experimentarium.dk
465,dinero.dk
466,dotnetnerd.dk
467,trm.dk
468,imusic.dk
469,kids-world.dk
470,alverdensmad.dk
471,arken.dk
472,danskemedier.dk
473,jonls.dk
474,bmw-club.dk
475,sas.dk
476,geranium.dk
477,visitcopenhagen.dk
478,webhosting.dk
479,emd.dk
480,adidas.dk
481,ultimate.dk
482,mods.dk
483,dailygame.dk
484,coreline.dk
485,imerco.dk
486,nfa.dk
487,full-rental.dk
488,w-academy.dk
489,fdep.dk
490,webbyen.dk
491,biltema.dk
492,gamingsiden.dk
493,kashyyyk.dk
494,danwatch.dk
495,arla.dk
496,oelstrupskodder.dk
497,conferencemanager.dk
498,stylingportalen.dk
499,dortemandrup.dk
500,templatedesign.dk
