1,remove.bg
2,google.bg
3,abv.bg
4,dir.bg
5,government.bg
6,sinoptik.bg
7,nova.bg
8,vesti.bg
9,olx.bg
10,bloom.bg
11,bas.bg
12,uni-sofia.bg
13,hit.bg
14,dnevnik.bg
15,bazar.bg
16,bnr.bg
17,capital.bg
18,mfa.bg
19,winbet.bg
20,alo.bg
21,bnt.bg
22,mobile.bg
23,24chasa.bg
24,offnews.bg
25,ue-varna.bg
26,emag.bg
27,btvnovinite.bg
28,afera.bg
29,bgpost.bg
30,blog.bg
31,edna.bg
32,sportal.bg
33,dnes.bg
34,frognews.bg
35,dgm.bg
36,news.bg
37,cent.bg
38,nra.bg
39,free.bg
40,air.bg
41,trud.bg
42,btv.bg
43,monitor.bg
44,blogspot.bg
45,dariknews.bg
46,fibank.bg
47,dskdirect.bg
48,petel.bg
49,mail.bg
50,blitz.bg
51,mediapool.bg
52,framar.bg
53,parliament.bg
54,gong.bg
55,proia.bg
56,mon.bg
57,cpdp.bg
58,lupa.bg
59,uni-ruse.bg
60,btvplus.bg
61,banker.bg
62,shkolo.bg
63,bulgaria-news.bg
64,fakti.bg
65,hbogo.bg
66,nsi.bg
67,imot.bg
68,investor.bg
69,gotvach.bg
70,webcafe.bg
71,rus.bg
72,sanitex.bg
73,rbb.bg
74,lex.bg
75,bta.bg
76,pik.bg
77,nbu.bg
78,epay.bg
79,videoclip.bg
80,a1.bg
81,gbg.bg
82,superhosting.bg
83,nssi.bg
84,novini.bg
85,jobs.bg
86,fashion.bg
87,bnb.bg
88,technopolis.bg
89,sofia.bg
90,grabo.bg
91,e-vestnik.bg
92,mvr.bg
93,ibox.bg
94,bgschool.bg
95,burgas-airport.bg
96,drugoto.bg
97,alle.bg
98,dreamlabs.bg
99,forlife.bg
100,acad.bg
101,clubz.bg
102,shu.bg
103,registryagency.bg
104,101su.bg
105,data.bg
106,pulsar.bg
107,eneffect.bg
108,uni-plovdiv.bg
109,broshura.bg
110,pariteni.bg
111,valelectric.bg
112,bol.bg
113,store.bg
114,vfu.bg
115,zajenata.bg
116,money.bg
117,mu-varna.bg
118,tu-sofia.bg
119,speedy.bg
120,coronavirus.bg
121,vivacom.bg
122,foodpanda.bg
123,valtronic.bg
124,topsport.bg
125,bdz.bg
126,shemale.bg
127,softuni.bg
128,ozone.bg
129,telenor.bg
130,bivol.bg
131,sportdepot.bg
132,toto.bg
133,editor.bg
134,casioshop.bg
135,snimka.bg
136,puls.bg
137,mtel.bg
138,megashop.bg
139,plovdiv24.bg
140,kzp.bg
141,lifestyle.bg
142,sofia-airport.bg
143,host.bg
144,vvv.bg
145,bgonair.bg
146,marica.bg
147,egov.bg
148,klassa.bg
149,vtorifront.bg
150,svobodnaevropa.bg
151,uni-sz.bg
152,unibit.bg
153,epicenter.bg
154,kaufland.bg
155,cik.bg
156,national7.bg
157,president.bg
158,commonrail.bg
159,bcci.bg
160,cars.bg
161,eventim.bg
162,search.bg
163,faktor.bg
164,technomarket.bg
165,tyxo.bg
166,minfin.bg
167,bulgaran.bg
168,fashiondays.bg
169,manager.bg
170,comfort.bg
171,nap.bg
172,unicreditbulbank.bg
173,zaplata.bg
174,profit.bg
175,yellowpages.bg
176,radioenergy.bg
177,aubg.bg
178,lsfcsecurity.bg
179,clima-design.bg
180,borica.bg
181,noi.bg
182,trafficnews.bg
183,hotnews.bg
184,edmmebel.bg
185,praktiker.bg
186,juneidi.bg
187,smartautomation.bg
188,obuvki.bg
189,darikradio.bg
190,nkp.bg
191,mebelrum.bg
192,start.bg
193,laverda.bg
194,home-max.bg
195,tribune.bg
196,varna.bg
197,eurocom.bg
198,7dnibulgaria.bg
199,trendynews.bg
200,albena.bg
201,conferencesystems.bg
202,aromacosmetics.bg
203,varna-airport.bg
204,srednogorie.bg
205,billa.bg
206,economic.bg
207,galika.bg
208,novatv.bg
209,netinfo.bg
210,demax.bg
211,decathlon.bg
212,festival.bg
213,sofiatraffic.bg
214,ikea.bg
215,deltagroup.bg
216,ivet.bg
217,bgtoll.bg
218,megapark.bg
219,online.bg
220,slovo.bg
221,onebook.bg
222,fsc.bg
223,gol.bg
224,technosecurity.bg
225,duma.bg
226,legalworld.bg
227,risuvaneponomera.bg
228,uni-vt.bg
229,vasset.bg
230,bloombergtv.bg
231,liternet.bg
232,fanpoint.bg
233,bntnews.bg
234,bg-patriarshia.bg
235,mu-sofia.bg
236,helikon.bg
237,aboutyou.bg
238,ubb.bg
239,plovdiv.bg
240,unwe.bg
241,digsys.bg
242,ssi.bg
243,swu.bg
244,inks.bg
245,netinfocompany.bg
246,parfumi.bg
247,zora.bg
248,ancientsofia.bg
249,radar.bg
250,ladyzone.bg
251,efaktura.bg
252,lidl.bg
253,footshop.bg
254,profitshare.bg
255,transsoft.bg
256,pcmania.bg
257,biona.bg
258,comnet.bg
259,reha.bg
260,flagman.bg
261,jobtiger.bg
262,e-therapy.bg
263,ardes.bg
264,ftv.bg
265,eu2018bg.bg
266,novinite.bg
267,kimbino.bg
268,maiak-m.bg
269,contact.bg
270,multipack.bg
271,bogdana.bg
272,myholiday.bg
273,nhif.bg
274,glami.bg
275,rais.bg
276,bge.bg
277,answear.bg
278,econ.bg
279,eufunds.bg
280,168chasa.bg
281,dskbank.bg
282,radio1.bg
283,tradingacademy.bg
284,burgas.bg
285,art.bg
286,csd.bg
287,hicomm.bg
288,dsport.bg
289,postbank.bg
290,test.bg
291,fotokeramika.bg
292,adrenalin.bg
293,impulse.bg
294,mrrb.bg
295,obekti.bg
296,prb.bg
297,justice.bg
298,cult.bg
299,bacbplus.bg
300,dox.bg
301,tu-varna.bg
302,elimex.bg
303,petroff.bg
304,onlinemashini.bg
305,municipalbank.bg
306,dominos.bg
307,az-jenata.bg
308,natalia.bg
309,gallup-international.bg
310,adwise.bg
311,metro.bg
312,aromarealestate.bg
313,fair.bg
314,pleven.bg
315,mellia.bg
316,dama.bg
317,bfunion.bg
318,agrolife.bg
319,tivi.bg
320,publics.bg
321,eshop.bg
322,kanal3.bg
323,allianz.bg
324,cross.bg
325,cska.bg
326,armatrac.bg
327,biznesidei.bg
328,customs.bg
329,klett.bg
330,lekar.bg
331,aop.bg
332,api.bg
333,interplast.bg
334,xn----8sbafg9clhjcp.bg
335,globalco.bg
336,sopharmacy.bg
337,energo-pro.bg
338,nationallibrary.bg
339,cez.bg
340,business.bg
341,inews.bg
342,kiip.bg
343,siff.bg
344,bfu.bg
345,papagal.bg
346,ltu.bg
347,laptop.bg
348,kmeta.bg
349,brra.bg
350,pronewsdobrich.bg
351,auto.bg
352,broshurko.bg
353,pest-control.bg
354,temisyug.bg
355,levski.bg
356,kultura.bg
357,seoconsult.bg
358,dveri.bg
359,mod.bg
360,tialoto.bg
361,pochivka.bg
362,programata.bg
363,siela.bg
364,happy.bg
365,pozvanete.bg
366,bioadvance.bg
367,ciela.bg
368,dev.bg
369,dnesplus.bg
370,bse-sofia.bg
371,holmes.bg
372,mjs.bg
373,tv7.bg
374,tuning.bg
375,toplinebeauty.bg
376,uni-svishtov.bg
377,bilki.bg
378,meteo.bg
379,mila.bg
380,strategy.bg
381,superdoc.bg
382,bda.bg
383,signal.bg
384,kupro.bg
385,vibroplatformi.bg
386,domino.bg
387,cinefish.bg
388,hyundaileasing.bg
389,e-prosveta.bg
390,telecoms.bg
391,easypay.bg
392,technews.bg
393,sportvision.bg
394,nsa.bg
395,homeproject.bg
396,topnovini.bg
397,nfb.bg
398,expert.bg
399,omda.bg
400,astrolife.bg
401,bpo.bg
402,btvnews.bg
403,cpc.bg
404,uacg.bg
405,orgtechnica.bg
406,orbitel.bg
407,uft-plovdiv.bg
408,19min.bg
409,bgdnes.bg
410,agri.bg
411,plovdivimoti.bg
412,register.bg
413,flashscore.bg
414,ndk.bg
415,computerworld.bg
416,dtp-bg.bg
417,evn.bg
418,chernomore.bg
419,bnews.bg
420,svod.bg
421,spestivbilla.bg
422,gabrovo.bg
423,imolux.bg
424,varnautre.bg
425,temaonline.bg
426,colomba.bg
427,economy.bg
428,kolhida.bg
429,pravoslavie.bg
430,mgu.bg
431,arva.bg
432,viaconsulting.bg
433,iec.bg
434,burgas24.bg
435,omed.bg
436,novinarnik.bg
437,ezine.bg
438,svatbata.bg
439,voit.bg
440,napravisam.bg
441,breakpoint.bg
442,redcross.bg
443,upwithdown.bg
444,boec.bg
445,nic.bg
446,operasofia.bg
447,kachan.bg
448,icn.bg
449,scifi.bg
450,thezone.bg
451,luxdrive.bg
452,ovo.bg
453,dog.bg
454,e-postbank.bg
455,winbetaffiliates.bg
456,bstv.bg
457,soundex.bg
458,vgames.bg
459,execlub.bg
460,nanopro.bg
461,nauka.bg
462,etajna.bg
463,terraland.bg
464,exelio-alliance.bg
465,svejo.bg
466,info.bg
467,ccbank.bg
468,normal.bg
469,infostock.bg
470,corylusgroup.bg
471,velmart.bg
472,pan.bg
473,pcworld.bg
474,notino.bg
475,utre.bg
476,escom.bg
477,all.bg
478,bashmaistora.bg
479,spatime.bg
480,ozbrokeri.bg
481,mario.bg
482,novinar.bg
483,mr-bricolage.bg
484,dgarden.bg
485,idg.bg
486,metropolitan.bg
487,zdraveikrasota.bg
488,playtv.bg
489,elsfera.bg
490,goldensands.bg
491,disco.bg
492,dizzyriders.bg
493,zelen-impro.bg
494,dalivali.bg
495,zelenite.bg
496,grandmufti.bg
497,coolstyle.bg
498,adminplus.bg
499,narod.bg
500,digital.bg
