1,google.lt
2,delfi.lt
3,kasvyksta.lt
4,96.lt
5,swedbank.lt
6,15min.lt
7,wip.lt
8,sco.lt
9,vu.lt
10,tamo.lt
11,wx.lt
12,bnc.lt
13,lrytas.lt
14,lrv.lt
15,nedelia.lt
16,lrt.lt
17,seb.lt
18,yn.lt
19,vmi.lt
20,skelbiu.lt
21,aruodas.lt
22,blogas.lt
23,jw.lt
24,ets2.lt
25,autoplius.lt
26,vz.lt
27,epaslaugos.lt
28,obzor.lt
29,lrs.lt
30,vdu.lt
31,vgtu.lt
32,serveriai.lt
33,veza.lt
34,tv3.lt
35,mw.lt
36,post.lt
37,lb.lt
38,gismeteo.lt
39,sodra.lt
40,draugas.lt
41,senukai.lt
42,tts.lt
43,ktu.lt
44,lm.lt
45,urm.lt
46,pigu.lt
47,etest.lt
48,esppva.lt
49,diena.lt
50,mfa.lt
51,gyvunugloba.lt
52,manodienynas.lt
53,ku.lt
54,wke.lt
55,wo.lt
56,vilnius.lt
57,galerijabalta.lt
58,autogidas.lt
59,meteo.lt
60,su.lt
61,telia.lt
62,cvbankas.lt
63,travianas.lt
64,eduka.lt
65,ignitis.lt
66,artistsbook.lt
67,dirst.lt
68,siauliugreitoji.lt
69,ntportalas.lt
70,mii.lt
71,alfa.lt
72,bns.lt
73,basketnews.lt
74,zebra.lt
75,lsmuni.lt
76,dedikuoti.lt
77,wc.lt
78,dailitara.lt
79,ldb.lt
80,kam.lt
81,jachta.lt
82,gerisendaikciai.lt
83,torrent.lt
84,invisusmundi.lt
85,us.lt
86,sportas.lt
87,stat.gov.lt
88,skelbimas.lt
89,hi5.lt
90,e-tar.lt
91,blogspot.lt
92,lcc.lt
93,one.lt
94,tribuna.lt
95,malkostau.lt
96,luminor.lt
97,sina.lt
98,leu.lt
99,iv.lt
100,urologasdainys.lt
101,topdog.lt
102,lrp.lt
103,vilniustech.lt
104,registrucentras.lt
105,kurier.lt
106,sofaforma.lt
107,smm.lt
108,giriosgrybas.lt
109,esveikata.lt
110,manozaidimai.lt
111,venipak.lt
112,ogmiosmiestas.lt
113,inbox.lt
114,tele2.lt
115,bite.lt
116,kaunas.lt
117,vilnius-tourism.lt
118,anglija.lt
119,nec.lt
120,stops.lt
121,grigiskiumokykla.lt
122,ets2mods.lt
123,balsas.lt
124,neopay.lt
125,ieskok.lt
126,hey.lt
127,govilnius.lt
128,alytausgidas.lt
129,sutartine.lt
130,humbaur-priekabos.lt
131,flirtas.lt
132,viko.lt
133,modai.lt
134,geleta.lt
135,zmones.lt
136,alburnus.lt
137,ipasas.lt
138,miltinukas.lt
139,maxpharma.lt
140,egzaminatorius.lt
141,vilnius-airport.lt
142,bernardinai.lt
143,gelprofsajunga.lt
144,vklaw.lt
145,baltijoskvapai.lt
146,puslapiai.lt
147,varle.lt
148,perlas.lt
149,archyvai.lt
150,akmeninerezidencija.lt
151,vakaruinzinerija.lt
152,libis.lt
153,teltonika.lt
154,eurodiena.lt
155,eso.lt
156,vezameanglija-airija.lt
157,cold.lt
158,plius.lt
159,fs19.lt
160,litrail.lt
161,planuojustatyti.lt
162,iboss.lt
163,ve.lt
164,vyrukrc.lt
165,domoplius.lt
166,ermitazas.lt
167,parduociau.lt
168,pazintyssenjorams.lt
169,reitinguok.lt
170,gudrussildymas.lt
171,rrr.lt
172,ipa-vst.lt
173,padanguaikstele.lt
174,dgn.lt
175,bwc.lt
176,gerbuvioekspertai.lt
177,londoncab.lt
178,broliuzidiniai.lt
179,baltnews.lt
180,respublika.lt
181,auksozvynas.lt
182,psoriasis.lt
183,f-1.lt
184,litnet.lt
185,dcdn.lt
186,ense.lt
187,ehu.lt
188,sb.lt
189,metodikos.lt
190,jonaiva.lt
191,salija.lt
192,rulit.lt
193,vv.lt
194,lounet.lt
195,bilietai.lt
196,lzinios.lt
197,senovinesplytos.lt
198,terrabella.lt
199,porsche-classic.lt
200,ro.lt
201,ax.lt
202,penki.lt
203,paslaugos.lt
204,smeliuoju.lt
205,kompiuteriuremontas-vilniuje.lt
206,musudarzelis.lt
207,alio.lt
208,vakarutenisas.lt
209,duomenu-atstatymas.lt
210,vazonai.lt
211,lietuviuzodynas.lt
212,gosign.lt
213,kli.lt
214,lamaistas.lt
215,ariogalospspc.lt
216,barbora.lt
217,regitra.lt
218,technologijos.lt
219,infolex.lt
220,maxima.lt
221,cedrus.lt
222,oferta.lt
223,raskakcija.lt
224,cpizza.lt
225,vilniausgreziniai.lt
226,proomnia.lt
227,ekmeta.lt
228,yts.lt
229,sauguspastas.lt
230,startstudio.lt
231,namuvaldymas.lt
232,leotravel.lt
233,topic.lt
234,lnb.lt
235,lemona.lt
236,forumpalace.lt
237,karzygys.lt
238,zvejokpigiau.lt
239,smspinigai.lt
240,optibet.lt
241,limis.lt
242,topsport.lt
243,kacerginesrezidencija.lt
244,emokykla.lt
245,senamiescioteatras.lt
246,litexpo.lt
247,poilsisjuodkranteje.lt
248,tektums.lt
249,mokslobaze.lt
250,gurmanosypsnys.lt
251,artoratai.lt
252,ism.lt
253,genocid.lt
254,bartaz.lt
255,ateities.lt
256,meganet.lt
257,svingis.lt
258,vidiniaibreketai.lt
259,ya.lt
260,ada.lt
261,is.lt
262,utenosvkc.lt
263,seosite.lt
264,nvsc.lt
265,gunstalk.lt
266,telecom.lt
267,maps.lt
268,kainos.lt
269,referataiplius.lt
270,etaplius.lt
271,domreg.lt
272,siuntubite.lt
273,plugin.lt
274,bigbox.lt
275,kaina24.lt
276,i7.lt
277,muziejai.lt
278,mobilitaisykla.lt
279,medwill.lt
280,tnetbaltic.lt
281,fructusartis.lt
282,lese.lt
283,iki.lt
284,karkarlandas.lt
285,skelbimo.lt
286,contourenterprise.lt
287,vetpet.lt
288,epaveldas.lt
289,paysera.lt
290,manoukis.lt
291,lietuva.lt
292,manoket.lt
293,cgates.lt
294,eurovaistine.lt
295,grazitumano.lt
296,nerpigiau.lt
297,migracija.lt
298,klubastikjums.lt
299,protezas.lt
300,chc.lt
301,rozynoklinika.lt
302,draugystesmaratonas.lt
303,citybee.lt
304,vlkk.lt
305,manoelektra.lt
306,versloratas.lt
307,druskininkai.lt
308,lsu.lt
309,lkl.lt
310,granitogaminiai.lt
311,sputniknews.lt
312,gintarine.lt
313,veidas.lt
314,e2.lt
315,agpaslauga.lt
316,am.lt
317,tourism.lt
318,zw.lt
319,kastu.lt
320,taupiems.lt
321,cac.lt
322,nuolaidos.lt
323,efoto.lt
324,president.lt
325,vareals.lt
326,woodinn.lt
327,lmta.lt
328,eavalyne.lt
329,skrendu.lt
330,nomedica.lt
331,baldai1.lt
332,elta.lt
333,slimbody.lt
334,cvmarket.lt
335,usik.lt
336,akvasanita.lt
337,medbank.lt
338,greenworld.lt
339,loftaipalangoje.lt
340,lycosa.lt
341,eu2013.lt
342,registras.lt
343,visaginas.lt
344,tiketa.lt
345,siauliai.lt
346,vilniustransport.lt
347,balticbooks.lt
348,tadoukis.lt
349,elenta.lt
350,vrm.lt
351,marmvc.lt
352,l24.lt
353,nma.lt
354,lixp.lt
355,cpo.lt
356,eviesiejipirkimai.lt
357,iae.lt
358,kamsteliai.lt
359,info.lt
360,apklausa.lt
361,ziniuradijas.lt
362,cargo.lt
363,skynet.lt
364,regia.lt
365,pov.lt
366,briedis.lt
367,draudimas.lt
368,uzt.lt
369,dramblys.lt
370,fs17.lt
371,vda.lt
372,morfologija.lt
373,eregitra.lt
374,anglu24.lt
375,kinopavasaris.lt
376,statybaplius.lt
377,verslilietuva.lt
378,patogupirkti.lt
379,klaipeda.lt
380,laluna.lt
381,daugakciju.lt
382,lnm.lt
383,burtutraukimas.lt
384,tld.lt
385,ten.lt
386,alkas.lt
387,norfa.lt
388,gw.lt
389,lietuviskapreke.lt
390,krepsinionamai.lt
391,tigmis.lt
392,vienasaskaita.lt
393,part.lt
394,justudija.lt
395,knygos.lt
396,llri.lt
397,vpscentras.lt
398,knyguklubas.lt
399,vis24.lt
400,uniformos.lt
401,dnb.lt
402,cvonline.lt
403,alfaklubas.lt
404,vrk.lt
405,eosystem.lt
406,katleriokortos.lt
407,palanga-airport.lt
408,ebustas.lt
409,traukiniobilietas.lt
410,vr.lt
411,osport.lt
412,delei.lt
413,pirkeu.lt
414,topocentras.lt
415,digikey.lt
416,gintarorenginiai.lt
417,kampas.lt
418,zaliosrutos.lt
419,beyond.lt
420,ldm.lt
421,loca.lt
422,zaliastotele.lt
423,alytausnaujienos.lt
424,urmokaina.lt
425,hardcore.lt
426,autobusubilietai.lt
427,irtau.lt
428,ikea.lt
429,moteris.lt
430,anteja.lt
431,zalgiris.lt
432,kauko.lt
433,music.lt
434,nemunaspark.lt
435,akropolis.lt
436,gruine.lt
437,sedmaisiai.lt
438,lki.lt
439,eads.lt
440,egu.lt
441,casinoonline.lt
442,xxis.lt
443,7x.lt
444,serveroffer.lt
445,omniva.lt
446,esu.lt
447,trstp.lt
448,motolife.lt
449,skvc.lt
450,lokmita.lt
451,ulac.lt
452,asu.lt
453,lnk.lt
454,lemora.lt
455,jysk.lt
456,steroidai.lt
457,pilviskiai.lt
458,tavokvapas.lt
459,sam.lt
460,shout.lt
461,kantartns.lt
462,vertoconti.lt
463,sblizingas.lt
464,dmvilija.lt
465,apva.lt
466,palangamvb.lt
467,vlk.lt
468,glosaris.lt
469,projektas.lt
470,mokivezi.lt
471,evaldolangai.lt
472,yandex.lt
473,nubega.lt
474,plus500.lt
475,l2help.lt
476,cust.lt
477,krikstynoms.lt
478,dirba.lt
479,pawno.lt
480,greitai.lt
481,sugardas.lt
482,sdo.lt
483,overslas.lt
484,tax.lt
485,madeinvilnius.lt
486,gokas.lt
487,skelbimai.lt
488,suvingis.lt
489,ltkt.lt
490,travelnews.lt
491,grutoparkas.lt
492,telsiu-verslininkai.lt
493,kurierwilenski.lt
494,tic.lt
495,mic.lt
496,mazonai.lt
497,lazdijai.lt
498,glami.lt
499,kamajai.lt
500,naujadaina.lt
