1,in.gr
2,google.gr
3,lifo.gr
4,skroutz.gr
5,protothema.gr
6,zougla.gr
7,tanea.gr
8,gsis.gr
9,sch.gr
10,enimerotiko.gr
11,winbank.gr
12,dikaiologitika.gr
13,iefimerida.gr
14,makeleio.gr
15,newsit.gr
16,nbg.gr
17,auth.gr
18,gazzetta.gr
19,alpha.gr
20,kathimerini.gr
21,pronews.gr
22,secnews.gr
23,eurobank.gr
24,capital.gr
25,news247.gr
26,emvolio.gov.gr
27,to10.gr
28,naftemporiki.gr
29,uoa.gr
30,blogspot.gr
31,stoiximan.gr
32,aade.gr
33,car.gr
34,alfavita.gr
35,taxheaven.gr
36,ethnos.gr
37,newsbreak.gr
38,newsbeast.gr
39,amna.gr
40,newsbomb.gr
41,cnn.gr
42,skai.gr
43,tovima.gr
44,sport24.gr
45,newsauto.gr
46,epirusonline.gr
47,ntua.gr
48,services.gov.gr
49,aftodioikisi.gr
50,plaisio.gr
51,sdna.gr
52,typosthes.gr
53,sport-fm.gr
54,liberal.gr
55,thepresident.gr
56,piraeusbank.gr
57,thebest.gr
58,cosmote.gr
59,e-shop.gr
60,enikos.gr
61,meteo.gr
62,efsyn.gr
63,thestival.gr
64,bestprice.gr
65,newpost.gr
66,e-food.gr
67,tomanifesto.gr
68,eody.gov.gr
69,diaforetiko.gr
70,upatras.gr
71,rp.gr
72,public.gr
73,neakriti.gr
74,insomnia.gr
75,thetoc.gr
76,novibet.gr
77,hua.gr
78,vrisko.gr
79,ert.gr
80,kotsovolos.gr
81,antenna.gr
82,www.gov.gr
83,uoc.gr
84,ertflix.gr
85,mfa.gr
86,spitogatos.gr
87,visitgreece.gr
88,self-testing.gov.gr
89,diavgeia.gov.gr
90,skaitv.gr
91,lamiareport.gr
92,bet365.gr
93,live24.gr
94,culture.gr
95,star.gr
96,xe.gr
97,zappit.gr
98,flashnews.gr
99,magnesianews.gr
100,eap.gr
101,pentapostagma.gr
102,dimokratiki.gr
103,euro2day.gr
104,newmoney.gr
105,sportime.gr
106,espressonews.gr
107,athensvoice.gr
108,parapolitika.gr
109,autogreeknews.gr
110,pagenews.gr
111,flashscore.gr
112,uoi.gr
113,yeka.gr
114,huffingtonpost.gr
115,e-radio.gr
116,otenet.gr
117,oaed.gr
118,tvxs.gr
119,real.gr
120,onlarissa.gr
121,aegean.gr
122,documentonews.gr
123,zarpanews.gr
124,aueb.gr
125,opap.gr
126,larissanet.gr
127,gossip-tv.gr
128,usay.gr
129,grnet.gr
130,elta.gr
131,newsitamea.gr
132,ika.gr
133,reader.gr
134,forth.gr
135,militaire.gr
136,topontiki.gr
137,minedu.gov.gr
138,xo.gr
139,vodafone.gr
140,travel.gov.gr
141,ertnews.gr
142,athensmagazine.gr
143,lidl-hellas.gr
144,avgi.gr
145,tlife.gr
146,protagon.gr
147,efka.gov.gr
148,cretapost.gr
149,ieidiseis.gr
150,uth.gr
151,govastileto.gr
152,lexigram.gr
153,tripadvisor.com.gr
154,el.gr
155,lykavitos.gr
156,mononews.gr
157,eleftherostypos.gr
158,culture.gov.gr
159,vimaorthodoxias.gr
160,politeianet.gr
161,cretalive.gr
162,gtp.gr
163,ahaia-roma.gr
164,astynomia.gr
165,alphatv.gr
166,youweekly.gr
167,duth.gr
168,sansimera.gr
169,namuseum.gr
170,mikrometoxos.gr
171,oneman.gr
172,dei.gr
173,hellenicparliament.gr
174,pirateparty.gr
175,tvopen.gr
176,mediamarkt.gr
177,uom.gr
178,koutipandoras.gr
179,imerisia.gr
180,pathfinder.gr
181,praktiker.gr
182,wind.gr
183,ypes.gr
184,airbnb.gr
185,thecaller.gr
186,sputniknews.gr
187,sportdog.gr
188,cyclades24.gr
189,as-ilida.gr
190,forthnet.gr
191,unipi.gr
192,news.gr
193,gocar.gr
194,e-kafstires.gr
195,ionio.gr
196,voria.gr
197,patrasevents.gr
198,ygeiamou.gr
199,serraikanea.gr
200,et.gr
201,ab.gr
202,autotriti.gr
203,statistics.gr
204,ioanninatv.gr
205,leroymerlin.gr
206,theacropolismuseum.gr
207,bloko.gr
208,grserver.gr
209,sofokleousin.gr
210,menshouse.gr
211,lamianow.gr
212,onmed.gr
213,onsports.gr
214,panteion.gr
215,mixanitouxronou.gr
216,ekt.gr
217,aia.gr
218,romfea.gr
219,contra.gr
220,iatronet.gr
221,ipaidia.gr
222,e-jumbo.gr
223,iatropedia.gr
224,15minutes.gr
225,athinorama.gr
226,oncamera.gr
227,ikea.gr
228,ebooks.edu.gr
229,frontpages.gr
230,digital-access.gov.gr
231,webnode.gr
232,scdn.gr
233,insider.gr
234,idika.org.gr
235,queen.gr
236,left.gr
237,thepressproject.gr
238,olympia.gr
239,bankofgreece.gr
240,alphaecommerce.gr
241,epirusgate.gr
242,okiklos.gr
243,moh.gov.gr
244,korinthia.net.gr
245,noa.gr
246,piraeuspress.gr
247,ant1news.gr
248,elta-courier.gr
249,akoustika-epikoinonia.gr
250,enet.gr
251,pressaris.gr
252,fosonline.gr
253,olp.gr
254,g4photos.gr
255,viva.gr
256,findgirls.gr
257,bovary.gr
258,thenewspaper.gr
259,marieclaire.gr
260,hol.gr
261,freemeteo.gr
262,tuc.gr
263,notia.gr
264,bankingnews.gr
265,argiro.gr
266,fthis.gr
267,tee.gr
268,cosmotetvott.gr
269,epapoutsia.gr
270,11888.gr
271,dailymedia.com.gr
272,eurocommerce.gr
273,google.com.gr
274,greek-language.gr
275,nova.gr
276,germanos.gr
277,onalert.gr
278,opengov.gr
279,designyourway.gr
280,topics.gr
281,staratalogia.gr
282,olivemagazine.gr
283,astrology.gr
284,you.gr
285,teithe.gr
286,logiastarata.gr
287,nassosblog.gr
288,metrosport.gr
289,programmatileorasis.gr
290,enikonomia.gr
291,makthes.gr
292,eopyy.gov.gr
293,hcg.gr
294,espa.gr
295,moneyreview.gr
296,coffeeisland.gr
297,tornosnews.gr
298,ekriti.gr
299,iguru.gr
300,veriotis.gr
301,forma.gov.gr
302,dpa.gr
303,speedex.gr
304,b2c.gr
305,ellinikahoaxes.gr
306,eugdpr.gr
307,ependyseis.gr
308,esos.gr
309,flash.gr
310,biblionet.gr
311,novasports.gr
312,lagonika.gr
313,ladylike.gr
314,epo.gr
315,argolikeseidhseis.gr
316,e-me.edu.gr
317,white-pages.gr
318,nlg.gr
319,covid19.gov.gr
320,parallaximag.gr
321,agiazoni.gr
322,gavros.gr
323,tribune.gr
324,madata.gr
325,cityofathens.gr
326,minfin.gr
327,asep.gr
328,hnms.gr
329,ot.gr
330,epsilonnet.gr
331,filmfestival.gr
332,papaki.gr
333,civilprotection.gr
334,defence-point.gr
335,minagric.gr
336,e-prescription.gr
337,deddie.gr
338,e-daily.gr
339,hostzone.gr
340,ermis.gov.gr
341,ascsa.edu.gr
342,mindev.gov.gr
343,pelop.gr
344,betarades.gr
345,ypen.gov.gr
346,gnto.gov.gr
347,e-nomothesia.gr
348,adman.gr
349,foreignnews.gr
350,hcmr.gr
351,adidas.gr
352,tromaktiko.gr
353,katohika.gr
354,oroskopos.gr
355,902.gr
356,coffees.gr
357,jetclub.gr
358,pamestoixima.gr
359,e-thessalia.gr
360,demokritos.gr
361,eleftheria.gr
362,cannabisinfo.gr
363,ypeka.gr
364,cosmodata.gr
365,techgear.gr
366,pcsteps.gr
367,athina984.gr
368,instanews.gr
369,kariera.gr
370,paramarketing.gr
371,skyexpress.gr
372,myphone.gr
373,yupiii.gr
374,doctoranytime.gr
375,ekklisiaonline.gr
376,trainose.gr
377,in2life.gr
378,kalimera-arkadia.gr
379,4troxoi.gr
380,devweb.gr
381,defencenet.gr
382,policenet.gr
383,agrinionews.gr
384,eede.gr
385,athena-innovation.gr
386,allyou.gr
387,lawspot.gr
388,ppel.gov.gr
389,slgr.gr
390,trikalavoice.gr
391,123movies.gr
392,money-tourism.gr
393,traditionalshipyards.gr
394,idika.gr
395,ypaithros.gr
396,ianos.gr
397,vendora.gr
398,taxydromos.gr
399,eleftheriaonline.gr
400,hamogelo.gr
401,ypergasias.gov.gr
402,intersport.gr
403,pblogs.gr
404,seleo.gr
405,data-media.gr
406,foxbet.gr
407,aua.gr
408,seliniotakis.gr
409,ereportaz.gr
410,mymarket.gr
411,businessregistry.gr
412,designed.gr
413,businessnews.gr
414,uop.gr
415,prosoccer.gr
416,dimokratianews.gr
417,dias.com.gr
418,gamato-movies.gr
419,sinidisi.gr
420,popaganda.gr
421,kozan.gr
422,parianostypos.gr
423,slpress.gr
424,army.gr
425,haniotika-nea.gr
426,benaki.gr
427,techblog.gr
428,oasa.gr
429,crashonline.gr
430,defencereview.gr
431,epixeiro.gr
432,athexgroup.gr
433,patkiout.gr
434,imerodromos.gr
435,cti.gr
436,agronews.gr
437,triklopodia.gr
438,proektasis.gr
439,name-servers.gr
440,hlektra.gr
441,rodiaki.gr
442,iapopsi.gr
443,filathlos.gr
444,reporter.gr
445,viacon.gr
446,typologies.gr
447,fws.gr
448,energypress.gr
449,protoselidaefimeridon.gr
450,infokids.gr
451,agriniopress.gr
452,rizospastis.gr
453,minoan.gr
454,creta24.gr
455,epilegein.gr
456,pharm24.gr
457,ecclesia.gr
458,overfm.gr
459,certh.gr
460,clickatlife.gr
461,culturenow.gr
462,ktimatologio.gr
463,ladas.gr
464,psichogios.gr
465,schooltime.gr
466,daynight.gr
467,protoporia.gr
468,e-forologia.gr
469,celestino.gr
470,lawandorder.gr
471,enwsi.gr
472,ktimanet.gr
473,xristika.gr
474,primeminister.gr
475,eap-forums.gr
476,znews.gr
477,anek.gr
478,emvolos.gr
479,vita.gr
480,stonisi.gr
481,jysk.gr
482,grtimes.gr
483,hellenicseaways.gr
484,palo.gr
485,syriza.gr
486,kozanilife.gr
487,intime.gr
488,kepea.gr
489,orthodoxianewsagency.gr
490,translatum.gr
491,games.gr
492,jenny.gr
493,loresoft.gr
494,agrotypos.gr
495,helexpo.gr
496,infognomonpolitics.gr
497,betshop.gr
498,glami.gr
499,sports365.gr
500,parliament.gr
