1,seznam.cz
2,google.cz
3,idnes.cz
4,novinky.cz
5,phoca.cz
6,cuni.cz
7,seznamzpravy.cz
8,wz.cz
9,webgarden.cz
10,muni.cz
11,centrum.cz
12,mapy.cz
13,ceskatelevize.cz
14,csfd.cz
15,cvut.cz
16,cas.cz
17,aktualne.cz
18,super.cz
19,webnode.cz
20,lidovky.cz
21,akwam.cz
22,radio.cz
23,alza.cz
24,windguru.cz
25,mzv.cz
26,sport.cz
27,heureka.cz
28,iprima.cz
29,bazos.cz
30,upol.cz
31,estranky.cz
32,denik.cz
33,tiscali.cz
34,vutbr.cz
35,blogspot.cz
36,csas.cz
37,blesk.cz
38,zive.cz
39,ic.cz
40,szn.cz
41,rozhlas.cz
42,sweb.cz
43,volny.cz
44,blog.cz
45,ihned.cz
46,vse.cz
47,email.cz
48,zcu.cz
49,mzcr.cz
50,toplist.cz
51,televizeseznam.cz
52,unas.cz
53,mvcr.cz
54,czc.cz
55,knihyokonich.cz
56,ceskenoviny.cz
57,nova.cz
58,csa.cz
59,1gr.cz
60,csob.cz
61,nic.cz
62,xf.cz
63,vlada.cz
64,active24.cz
65,kurzy.cz
66,or.cz
67,vsb.cz
68,hbogo.cz
69,chatujme.cz
70,parlamentnilisty.cz
71,cd.cz
72,8u.cz
73,fcviktoria.cz
74,justice.cz
75,o2.cz
76,msmt.cz
77,bandzone.cz
78,hrad.cz
79,mall.cz
80,libimseti.cz
81,wgz.cz
82,ulozto.cz
83,sbazar.cz
84,e15.cz
85,cuzk.cz
86,jcu.cz
87,banan.cz
88,in-pocasi.cz
89,jobs.cz
90,mujweb.cz
91,mfcr.cz
92,aukro.cz
93,sauto.cz
94,megi.cz
95,uoou.cz
96,euweb.cz
97,tyden.cz
98,prozeny.cz
99,cnb.cz
100,auto.cz
101,itprojektak.cz
102,webz.cz
103,wolfdog.cz
104,bvv.cz
105,camp.cz
106,irozhlas.cz
107,mendelu.cz
108,zbozi.cz
109,sreality.cz
110,livesport.cz
111,kb.cz
112,czso.cz
113,obohu.cz
114,freevideo.cz
115,mpsv.cz
116,postaonline.cz
117,chmi.cz
118,tul.cz
119,hudebnibazar.cz
120,kvalitne.cz
121,czu.cz
122,nkp.cz
123,datart.cz
124,vodafone.cz
125,bakalari.cz
126,expats.cz
127,edna.cz
128,vscht.cz
129,skauting.cz
130,czechcentres.cz
131,7x.cz
132,dpp.cz
133,ulekare.cz
134,penize.cz
135,kobramode.cz
136,mpo.cz
137,horux.cz
138,firmy.cz
139,fio.cz
140,motorkari.cz
141,hyperinzerce.cz
142,rodinnepasy.cz
143,rb.cz
144,wbs.cz
145,aeronet.cz
146,pinknet.cz
147,coi.cz
148,fhgames.cz
149,utb.cz
150,atlas.cz
151,cegos.cz
152,uschovna.cz
153,strany.cz
154,lupa.cz
155,respekt.cz
156,wa.cz
157,zlin.cz
158,fastshare.cz
159,webzdarma.cz
160,gaudeo.cz
161,nethost.cz
162,rexter.cz
163,garaz.cz
164,webshare.cz
165,kosmas.cz
166,fnhk.cz
167,autoforum.cz
168,spoluhraci.cz
169,echo24.cz
170,oltv.cz
171,moviezone.cz
172,ticket-art.cz
173,tsbohemia.cz
174,mojedatovaschranka.cz
175,psp.cz
176,blueboard.cz
177,zbranekvalitne.cz
178,reflex.cz
179,freepage.cz
180,kytary.cz
181,helpforenglish.cz
182,zakonyprolidi.cz
183,nm.cz
184,czub.cz
185,dtest.cz
186,denikn.cz
187,brno.cz
188,uzis.cz
189,superstranka.cz
190,shop1.cz
191,policie.cz
192,mironet.cz
193,ceskaposta.cz
194,pr-clanky.cz
195,postovnisporitelna.cz
196,animesonline.cz
197,svet-stranek.cz
198,instalace-charvat.cz
199,websnadno.cz
200,root.cz
201,osel.cz
202,retrogames.cz
203,borec.cz
204,norbertov.cz
205,prahacom.cz
206,navratdoreality.cz
207,databazeknih.cz
208,decathlon.cz
209,4fan.cz
210,luciemutinska.cz
211,czech.cz
212,nos-avg.cz
213,wedos.cz
214,financnisprava.cz
215,narodni-divadlo.cz
216,openoffice.cz
217,abz.cz
218,radia.cz
219,hbinpol.cz
220,umprum.cz
221,astrologie-nachod.cz
222,pravednes.cz
223,cez.cz
224,expres.cz
225,taborsky.cz
226,extra.cz
227,ahaonline.cz
228,superhry.cz
229,tzb-info.cz
230,farmarske-trhy.cz
231,skloart.cz
232,kinobox.cz
233,cnews.cz
234,kupi.cz
235,kudyznudy.cz
236,gymostrov.cz
237,pravyprostor.cz
238,livescore.cz
239,mbank.cz
240,g6.cz
241,slunecnice.cz
242,ztracenaexistence.cz
243,ngprague.cz
244,moneta.cz
245,svkzdarsko.cz
246,smartemailing.cz
247,ifortuna.cz
248,tode.cz
249,zs-kamenicky.cz
250,vseobecna.cz
251,slu.cz
252,army.cz
253,upce.cz
254,ujep.cz
255,az-plastik.cz
256,sarmo.cz
257,zoopraha.cz
258,mysteria.cz
259,dewalt-naradi.cz
260,recykla-glas.cz
261,kovovyroba-priese.cz
262,event-event.cz
263,podnikatel.cz
264,t-mobile.cz
265,spbi.cz
266,floridainvestment.cz
267,ceskehrady.cz
268,ceskereality.cz
269,scitani.cz
270,audiofriend.cz
271,sms.cz
272,stargate-game.cz
273,mdcr.cz
274,fler.cz
275,alexcars.cz
276,halcentrum.cz
277,cesnet.cz
278,czechurbex.cz
279,fotbal.cz
280,linuxexpres.cz
281,euro-media.cz
282,onebit.cz
283,tipsport.cz
284,stream.cz
285,pardubice.cz
286,valka.cz
287,forbes.cz
288,euro.cz
289,zivotvcesku.cz
290,datacomsystems.cz
291,finance.cz
292,ccb.cz
293,ucitelskenoviny.cz
294,obi.cz
295,exdrazby.cz
296,akce-kurzy-vzdelavani.cz
297,msdk.cz
298,madeinrussia.cz
299,cars.cz
300,skoda-auto.cz
301,clovekvtisni.cz
302,mzp.cz
303,pepehocokolady.cz
304,hys.cz
305,beril.cz
306,penzion-palice.cz
307,glami.cz
308,o2tv.cz
309,designgate.cz
310,tehotenstviaz.cz
311,o2arena.cz
312,imedia.cz
313,petrbilik.cz
314,aboutyou.cz
315,abclinuxu.cz
316,webpark.cz
317,okna-dvere-online.cz
318,avcr.cz
319,utf.cz
320,biolib.cz
321,jedlykastan.cz
322,benu.cz
323,pasic.cz
324,navitel.cz
325,footlocker.cz
326,tripadvisor.cz
327,free-proxy.cz
328,mesec.cz
329,villabohemia.cz
330,2n.cz
331,damejidlo.cz
332,businessinfo.cz
333,e-obec.cz
334,ubytovanivchorvatsku.cz
335,sledovanitv.cz
336,jewishmuseum.cz
337,farnostbobrova.cz
338,forum24.cz
339,szu.cz
340,aeroklub-jihlava.cz
341,kamionaci.cz
342,squashpark.cz
343,polishsource.cz
344,topmax-teplice.cz
345,gov.cz
346,svarovani-tig.cz
347,zhodnoceni-penez.cz
348,tydenplus.cz
349,jaknacizijazyk.cz
350,inshop.cz
351,vodackanavigace.cz
352,qcm.cz
353,yrno.cz
354,zabradli-znerezu.cz
355,exasoft.cz
356,reginet.cz
357,sldev.cz
358,pateb.cz
359,osu.cz
360,rbbinvest.cz
361,caravanholidays.cz
362,avg.cz
363,trikotisk.cz
364,obalymikulka.cz
365,9e.cz
366,publikacevymolova.cz
367,npu.cz
368,chcisukat.cz
369,eidentita.cz
370,cssz.cz
371,chorvatska.cz
372,carpfanatics.cz
373,ecn.cz
374,fkteplice.cz
375,mobilmania.cz
376,bezrealitky.cz
377,airsofthouse.cz
378,brontosaurus.cz
379,interspol.cz
380,twinstar.cz
381,retrofotr.cz
382,roska-olomouc.cz
383,nagios.cz
384,astron.cz
385,eagri.cz
386,prace.cz
387,oprox.cz
388,ticketportal.cz
389,pojisteni.cz
390,cadforum.cz
391,ucw.cz
392,funnyos.cz
393,svetandroida.cz
394,regzone.cz
395,agriculturejournals.cz
396,comgate.cz
397,inpage.cz
398,mimibazar.cz
399,karaoketexty.cz
400,mypage.cz
401,zus-jhradec.cz
402,musicaflorea.cz
403,rohlik.cz
404,transformatory.cz
405,mmr.cz
406,ckrumlov.cz
407,reborn-lukacova.cz
408,lmc.cz
409,pr-clanky-ihned.cz
410,gameteam.cz
411,slevici.cz
412,exprespneu.cz
413,senat.cz
414,jasminstyl.cz
415,vampireshop.cz
416,toprecepty.cz
417,ambi.cz
418,soom.cz
419,ttop.cz
420,ji.cz
421,hornbach.cz
422,hokej.cz
423,iurium.cz
424,fdb.cz
425,lpm-obaly.cz
426,acrobits.cz
427,itesco.cz
428,lidl-shop.cz
429,holenice.cz
430,prahaaktualne.cz
431,protronix.cz
432,eurozpravy.cz
433,airbnb.cz
434,netcentrum.cz
435,zenysro.cz
436,hyperlink.cz
437,ct24.cz
438,modernipanelak.cz
439,sazka.cz
440,maha-cz.cz
441,turistika.cz
442,quick.cz
443,aspone.cz
444,i40.cz
445,kahounova.cz
446,albert.cz
447,lkq.cz
448,bpp.cz
449,akustart.cz
450,blisty.cz
451,skolavpyzamu.cz
452,salonr.cz
453,uhk.cz
454,pentagramuspechu.cz
455,romea.cz
456,linka199.cz
457,vinegret.cz
458,prehrajto.cz
459,trhybechyne.cz
460,ac24.cz
461,motohouse.cz
462,halabudisov.cz
463,ridendo.cz
464,airport-ostrava.cz
465,vodapodzemi.cz
466,ppl.cz
467,stajrozarka.cz
468,kupkolo.cz
469,regionalnitelevize.cz
470,vzp.cz
471,hcdukla.cz
472,czporadna.cz
473,iach.cz
474,allforfilms.cz
475,slevomat.cz
476,japcz.cz
477,cermat.cz
478,astro.cz
479,lekarny-ipc.cz
480,zbudskesamoty.cz
481,siemensmania.cz
482,kup-si.cz
483,zpmvcr.cz
484,lidl.cz
485,stama.cz
486,stranky1.cz
487,ruskymedved.cz
488,mesnivina.cz
489,hooligans.cz
490,pronakup.cz
491,cepac.cz
492,stresnisvetliky.cz
493,atelierjitro.cz
494,obce.cz
495,shopdesign.cz
496,terracota.cz
497,lekarna.cz
498,ireceptar.cz
499,cyklo-wellness-penzion-palice.cz
500,humlnet.cz
