1,google.ro
2,olx.ro
3,emag.ro
4,blogspot.ro
5,adevarul.ro
6,digi24.ro
7,gov.ro
8,hotnews.ro
9,easytech.ro
10,mae.ro
11,digisport.ro
12,autovit.ro
13,anpc.ro
14,ubbcluj.ro
15,libertatea.ro
16,mediafax.ro
17,uaic.ro
18,uv.ro
19,sport.ro
20,stirileprotv.ro
21,gsp.ro
22,publi24.ro
23,playtech.ro
24,xhost.ro
25,ase.ro
26,transindex.ro
27,flashscore.ro
28,econsulat.ro
29,evz.ro
30,unibuc.ro
31,cinemagia.ro
32,agerpres.ro
33,go.ro
34,zf.ro
35,antena3.ro
36,stiripesurse.ro
37,wdazone.ro
38,ing.ro
39,prosport.ro
40,forhe.ro
41,just.ro
42,eon.ro
43,edu.ro
44,okazii.ro
45,posta-romana.ro
46,botosani.ro
47,ananik-foraje-puturi.ro
48,anaf.ro
49,pub.ro
50,altex.ro
51,orange.ro
52,btrl.ro
53,inst-puscariu.ro
54,cndt.ro
55,imobiliare.ro
56,cdep.ro
57,dexonline.ro
58,euroweb.ro
59,vodafone.ro
60,dataprotection.ro
61,homebank.ro
62,digi.ro
63,mdrap.ro
64,jurnalul.ro
65,cancan.ro
66,showfx.ro
67,trilulilu.ro
68,digionline.ro
69,sisteme-de-copiat.ro
70,utgjiu.ro
71,tvr.ro
72,storia.ro
73,bcr.ro
74,capital.ro
75,dedeman.ro
76,a1.ro
77,trafic.ro
78,tarom.ro
79,tuiasi.ro
80,utcluj.ro
81,didactic.ro
82,romanialibera.ro
83,eren2.ro
84,3x.ro
85,fastwebdesign.ro
86,compari.ro
87,tibiscum.ro
88,mobilpay.ro
89,wall-street.ro
90,opiniatimisoarei.ro
91,profitshare.ro
92,cursbnr.ro
93,cel.ro
94,telekom.ro
95,tion.ro
96,secure11gw.ro
97,anunturi-parbrize.ro
98,unitbv.ro
99,urologbun.ro
100,deprotectie.ro
101,microlink.ro
102,uvt.ro
103,gandul.ro
104,afilbv.ro
105,greco-catolicii.ro
106,fancourier.ro
107,myelectrica.ro
108,click.ro
109,hbogo.ro
110,tribuna.ro
111,instalatorpitesti.ro
112,lege5.ro
113,icr.ro
114,bnr.ro
115,paginademedia.ro
116,bzi.ro
117,eramusic.ro
118,newsweek.ro
119,rol.ro
120,upb.ro
121,24banking.ro
122,rotaryprobitas.ro
123,elefant.ro
124,vanzari-parbrize.ro
125,dcnews.ro
126,doxologia.ro
127,upg-ploiesti.ro
128,vladcazino.ro
129,smartdad.ro
130,insse.ro
131,lajumate.ro
132,anuntul.ro
133,protv.ro
134,ebihoreanul.ro
135,superbet.ro
136,protvplus.ro
137,parbriz-auto-bucuresti.ro
138,debanat.ro
139,ziaruldeiasi.ro
140,isjbotosani.ro
141,ms.ro
142,promotor.ro
143,cotidianul.ro
144,atc-consulting.ro
145,remi-online.ro
146,reginamaria.ro
147,profit.ro
148,ulbsibiu.ro
149,madcom.ro
150,presidency.ro
151,eff.ro
152,crestinortodox.ro
153,edupedu.ro
154,fanatik.ro
155,g4media.ro
156,eyecon.ro
157,unibet.ro
158,axe2.ro
159,deleanu.ro
160,avocatnet.ro
161,utchimsteel.ro
162,fonduri-ue.ro
163,activenews.ro
164,ceccarmaramures.ro
165,e-ziare.ro
166,itbox.ro
167,pressalert.ro
168,home.ro
169,ancpi.ro
170,e-licitatie.ro
171,alba24.ro
172,upt.ro
173,botorka.ro
174,dekoration.ro
175,bihon.ro
176,adcromania.ro
177,pcgarage.ro
178,bancatransilvania.ro
179,consolegames.ro
180,payu.ro
181,news.ro
182,adena.ro
183,csid.ro
184,rcs-rds.ro
185,sfatulmedicului.ro
186,ceccarmehedinti.ro
187,descopera.ro
188,intuitext.ro
189,lidl.ro
190,ejobs.ro
191,europafm.ro
192,pentrugatit.ro
193,farmaciatei.ro
194,stirioficiale.ro
195,viva.ro
196,atasamente.ro
197,mountainguide-sibiu.ro
198,rfi.ro
199,poartaprincipala.ro
200,carturesti.ro
201,deltarangers.ro
202,unica.ro
203,secure7gw.ro
204,princesscasino.ro
205,epantofi.ro
206,autismromania.ro
207,bursa.ro
208,token.ro
209,brainly.ro
210,umft.ro
211,ucv.ro
212,ugal.ro
213,republica.ro
214,politiaromana.ro
215,eoriginal.ro
216,4tuning.ro
217,zoso.ro
218,meteoromania.ro
219,synevo.ro
220,frvolei.ro
221,usv.ro
222,dpd.ro
223,digitalnature.ro
224,3xforum.ro
225,unicredit.ro
226,rri.ro
227,mmediu.ro
228,enel.ro
229,met-axa.ro
230,giurgiuveanul.ro
231,220.ro
232,gds.ro
233,nosteam.ro
234,doripesco.ro
235,romedic.ro
236,hornbach.ro
237,bonprix.ro
238,motelandratecuci.ro
239,bvb.ro
240,chris-decoration.ro
241,iuliuconstruct.ro
242,atlas-consulting.ro
243,subs.ro
244,carti-online.ro
245,b1.ro
246,radiozu.ro
247,marincristian.ro
248,carrefour.ro
249,aviseco.ro
250,computergames.ro
251,credor.ro
252,ceccarhunedoara.ro
253,auchan.ro
254,libris.ro
255,calculators.ro
256,bucatareasa.ro
257,filmari-arad.ro
258,electrocentersm.ro
259,cnscbt.ro
260,clickbox.ro
261,beppler.ro
262,criosweb.ro
263,ceccarbucuresti.ro
264,telekomsport.ro
265,stepinside.ro
266,raiffeisenonline.ro
267,gavancosmin.ro
268,vivre.ro
269,mi-home.ro
270,price.ro
271,teotravel.ro
272,b-mall.ro
273,observatornews.ro
274,rogroup.ro
275,voca.ro
276,flanco.ro
277,kaufland.ro
278,go4it.ro
279,senat.ro
280,evomag.ro
281,rom-test.ro
282,leroymerlin.ro
283,ipa.ro
284,regielive.ro
285,game-game.ro
286,historia.ro
287,ceccarcalarasi.ro
288,decathlon.ro
289,hotelcorso.ro
290,primariaonline.ro
291,ghidul-nuntii.ro
292,businessmagazin.ro
293,impact.ro
294,monitorulsv.ro
295,focussat.ro
296,hargitatours.ro
297,subpret.ro
298,cfrcalatori.ro
299,manager.ro
300,ceccarilfov.ro
301,pmb.ro
302,ziarulunirea.ro
303,amcham.ro
304,mfinante.ro
305,forbes.ro
306,jurnal-integrativa.ro
307,parfumzone.ro
308,shopmania.ro
309,dreptonline.ro
310,frf.ro
311,bmwzone.ro
312,ceccarbotosani.ro
313,mxserver.ro
314,avrameni.ro
315,casata-ar.ro
316,answear.ro
317,dermatocosmetologie.ro
318,superocazii.ro
319,notino.ro
320,ceccarvalcea.ro
321,kodcomputers.ro
322,antenaplay.ro
323,helponline.ro
324,ceccarsatumare.ro
325,smartbill.ro
326,cnas.ro
327,sdt-team.ro
328,ceccararges.ro
329,bizlawyer.ro
330,bnro.ro
331,woot.ro
332,arhiblog.ro
333,cimec.ro
334,basilica.ro
335,v4vintage.ro
336,briant.ro
337,allianztc.ro
338,matrimoniale.ro
339,icofx.ro
340,mobilissimo.ro
341,astral.ro
342,ro-en.ro
343,gamesnet.ro
344,cadibo.ro
345,raiffeisen.ro
346,condensareimmergas.ro
347,ceccargiurgiu.ro
348,eva.ro
349,nineoclock.ro
350,kudika.ro
351,gherlainfo.ro
352,ngfproduct.ro
353,jysk.ro
354,mapn.ro
355,mediagalaxy.ro
356,strategiiaplicate.ro
357,garantibank.ro
358,earhive.ro
359,brilliantsmt2.ro
360,mmuncii.ro
361,mathaus.ro
362,ceccartimis.ro
363,actualrealestate.ro
364,narual.ro
365,ceccarvaslui.ro
366,f64.ro
367,bucataras.ro
368,cauciuc.ro
369,bercon.ro
370,virginradio.ro
371,flarom.ro
372,ceccarvrancea.ro
373,anm.ro
374,netvibes.ro
375,isc.ro
376,cofetariilenicola.ro
377,beatricedesign.ro
378,skypex.ro
379,ceccarbistrita.ro
380,mydomain.ro
381,ceccardolj.ro
382,3go.ro
383,lamborghinistore.ro
384,acasa.ro
385,ceccarsuceava.ro
386,romaniajournal.ro
387,resursecrestine.ro
388,rdsor.ro
389,politiadefrontiera.ro
390,valeaflorilor.ro
391,artmark.ro
392,declic.ro
393,e-guvernare.ro
394,invo.ro
395,e-uvt.ro
396,tvrplus.ro
397,chimrodistribution.ro
398,doc.ro
399,apia.org.ro
400,bateriiauto-moto.ro
401,secure2gw.ro
402,lab501.ro
403,foodpanda.ro
404,echipamente-scule.ro
405,pr80.ro
406,eventim.ro
407,romania-actualitati.ro
408,specialgarden.ro
409,sibiu.ro
410,marcocars.ro
411,vola.ro
412,profm.ro
413,stsmail.ro
414,rotld.ro
415,dilemaveche.ro
416,mlpda.ro
417,zepelintour.ro
418,fcucraiova1948.ro
419,ecx.ro
420,casesigradini.ro
421,uoradea.ro
422,reductoare-rossi.ro
423,ghiseul.ro
424,gdfsuez.ro
425,directbooking.ro
426,samoyede.ro
427,cadouri-din-inima.ro
428,cnadnr.ro
429,rockfm.ro
430,stiri21.ro
431,cnspis.ro
432,konkurs.ro
433,cores.ro
434,9am.ro
435,dty.ro
436,mobila-miraz.ro
437,timeplay.ro
438,mpinteractiv.ro
439,patriabank.ro
440,annetteshop.ro
441,cfr.ro
442,cnprint.ro
443,civilgeodesign.ro
444,eldorado777.ro
445,euroialinsol.ro
446,agrointel.ro
447,startupcafe.ro
448,forum-anvelope.ro
449,newsbt.ro
450,e-midas.ro
451,ziuaconstanta.ro
452,aeroshuttletransfers.ro
453,taxicopii.ro
454,paysecure.ro
455,platforma-broker.ro
456,pensiune-doina.ro
457,guv.ro
458,skytrip.ro
459,adielatravel.ro
460,iqads.ro
461,web-director.ro
462,elitezones.ro
463,outdoormania.ro
464,kanald.ro
465,medlife.ro
466,liviubran.ro
467,tiff.ro
468,iabilet.ro
469,ici.ro
470,jck.ro
471,targdenunti.ro
472,fordparts.ro
473,maszol.ro
474,espressoman.ro
475,myticket.ro
476,mm-podium.ro
477,esky.ro
478,solturism.ro
479,formula-as.ro
480,money.ro
481,afm.ro
482,automarket.ro
483,castel.ro
484,anofm.ro
485,ceccarteleorman.ro
486,lx.ro
487,criticatac.ro
488,globomax.ro
489,dabu.ro
490,bdaudit.ro
491,autogari.ro
492,artgalery.ro
493,monitoruloficial.ro
494,medinsys.ro
495,maralp.ro
496,masterdruck.ro
497,restaurantenunti.ro
498,brainbond.ro
499,curierulnational.ro
500,optimaltravel.ro
