1,google.nl
2,cwi.nl
3,doxygen.nl
4,uu.nl
5,xs4all.nl
6,uva.nl
7,rug.nl
8,tudelft.nl
9,blogspot.nl
10,nos.nl
11,rijksoverheid.nl
12,utwente.nl
13,wur.nl
14,nu.nl
15,tue.nl
16,vu.nl
17,telegraaf.nl
18,ad.nl
19,nrc.nl
20,volkskrant.nl
21,marktplaats.nl
22,ru.nl
23,rijksmuseum.nl
24,dutchnews.nl
25,leidenuniv.nl
26,rivm.nl
27,vagina.nl
28,government.nl
29,amazon.nl
30,autoriteitpersoonsgegevens.nl
31,belastingdienst.nl
32,mycima.nl
33,jouwweb.nl
34,rtlnieuws.nl
35,transip.nl
36,eur.nl
37,cbs.nl
38,ziggo.nl
39,vangoghmuseum.nl
40,digid.nl
41,home.nl
42,trouw.nl
43,startpagina.nl
44,amsterdam.nl
45,universiteitleiden.nl
46,simpsite.nl
47,planet.nl
48,ns.nl
49,npostart.nl
50,hostnet.nl
51,rabobank.nl
52,vpro.nl
53,overheid.nl
54,parool.nl
55,budgetphone.nl
56,demon.nl
57,tno.nl
58,maastrichtuniversity.nl
59,knaw.nl
60,anwb.nl
61,bnnvara.nl
62,dumpert.nl
63,consumentenbond.nl
64,kvk.nl
65,chello.nl
66,funda.nl
67,mijndomein.nl
68,ing.nl
69,robbast.nl
70,avrotros.nl
71,rvo.nl
72,rechtspraak.nl
73,abnamro.nl
74,ah.nl
75,nltimes.nl
76,schiphol.nl
77,coolblue.nl
78,postnl.nl
79,fd.nl
80,wanadoo.nl
81,politie.nl
82,knmi.nl
83,rnw.nl
84,rtl.nl
85,usenet.nl
86,9292.nl
87,elsevier.nl
88,lycos.nl
89,elitek.nl
90,npo.nl
91,businessinsider.nl
92,gelderlander.nl
93,eventbrite.nl
94,hyves.nl
95,tripadvisor.nl
96,omroep.nl
97,buienradar.nl
98,hema.nl
99,bnr.nl
100,uwv.nl
101,dds.nl
102,vi.nl
103,rotterdam.nl
104,hccnet.nl
105,messageboard.nl
106,minimafia.nl
107,web-log.nl
108,ebay.nl
109,nporadio1.nl
110,dnb.nl
111,metronieuws.nl
112,keukenhof.nl
113,thuisbezorgd.nl
114,tweedekamer.nl
115,kb.nl
116,stedelijk.nl
117,iospress.nl
118,uvt.nl
119,vara.nl
120,officielebekendmakingen.nl
121,infonu.nl
122,geenstijl.nl
123,autoweek.nl
124,hetnet.nl
125,ajax.nl
126,idfa.nl
127,voedingscentrum.nl
128,sidn.nl
129,tiscali.nl
130,emerce.nl
131,destentor.nl
132,ed.nl
133,webnode.nl
134,omroepbrabant.nl
135,zeelandnet.nl
136,online.nl
137,defensie.nl
138,marketingfacts.nl
139,decorrespondent.nl
140,erasmusmc.nl
141,rdw.nl
142,nwo.nl
143,zalando.nl
144,1tamilmv.nl
145,denhaag.nl
146,wxs.nl
147,bndestem.nl
148,stack.nl
149,dvhn.nl
150,zoover.nl
151,startkabel.nl
152,openoffice.nl
153,euronet.nl
154,at5.nl
155,nederlandwereldwijd.nl
156,wageningenur.nl
157,surfconext.nl
158,nieuws.nl
159,eddie4.nl
160,encyclo.nl
161,kpn.nl
162,rijkswaterstaat.nl
163,bd.nl
164,mijnwoordenboek.nl
165,wehkamp.nl
166,afm.nl
167,veiliginternetten.nl
168,open-internet.nl
169,weeronline.nl
170,catawiki.nl
171,kun.nl
172,iisg.nl
173,knvb.nl
174,ntr.nl
175,dpgmedia.nl
176,hyvesgames.nl
177,vandale.nl
178,pbl.nl
179,blog.nl
180,rijnmond.nl
181,rtlxl.nl
182,nhnieuws.nl
183,omroepgelderland.nl
184,lumc.nl
185,kro-ncrv.nl
186,fok.nl
187,iex.nl
188,limburger.nl
189,natuurmonumenten.nl
190,unimaas.nl
191,groene.nl
192,mauritshuis.nl
193,eo.nl
194,mediamarkt.nl
195,dhlparcel.nl
196,ind.nl
197,ticketmaster.nl
198,om.nl
199,hanze.nl
200,tubantia.nl
201,frebsite.nl
202,weserv.nl
203,ideal.nl
204,punt.nl
205,radboudumc.nl
206,hartvannederland.nl
207,mijnwebwinkel.nl
208,hva.nl
209,autoblog.nl
210,tui.nl
211,grantorrent.nl
212,nibud.nl
213,pagina.nl
214,groningen.nl
215,utrecht.nl
216,debijenkorf.nl
217,degeschillencommissie.nl
218,staatsbosbeheer.nl
219,iculture.nl
220,rtvoost.nl
221,independer.nl
222,testsomebureaucom.nl
223,webwereld.nl
224,greenhost.nl
225,degiro.nl
226,werk.nl
227,acm.nl
228,zonnet.nl
229,mailplus.nl
230,nuffic.nl
231,han.nl
232,fontys.nl
233,philips.nl
234,milieucentraal.nl
235,surf.nl
236,rtvutrecht.nl
237,voetbalzone.nl
238,mature.nl
239,computable.nl
240,petities.nl
241,rtvnoord.nl
242,zorgwijzer.nl
243,t-mobile.nl
244,rodekruis.nl
245,girlscene.nl
246,duo.nl
247,jouwpagina.nl
248,mvrdv.nl
249,eyefilm.nl
250,amc.nl
251,boijmans.nl
252,vtwonen.nl
253,concertgebouw.nl
254,umcutrecht.nl
255,iijj.nl
256,expert.nl
257,dutchtracking.nl
258,detelefoongids.nl
259,omroepwest.nl
260,psv.nl
261,svb.nl
262,naturalis.nl
263,rsm.nl
264,ahmadali.nl
265,managementboek.nl
266,formule1nieuwsoverzicht.nl
267,koninklijkhuis.nl
268,game-media.nl
269,pathe.nl
270,iamexpat.nl
271,rtlz.nl
272,ou.nl
273,schooltv.nl
274,uwpagina.nl
275,gvb.nl
276,kijk.nl
277,preppers-house-forum.nl
278,indebuurt.nl
279,kennisnet.nl
280,thuisarts.nl
281,hu.nl
282,minetopiainfo.nl
283,rtvdrenthe.nl
284,adformatie.nl
285,vodafone.nl
286,lc.nl
287,beslist.nl
288,hetnieuweinstituut.nl
289,lasertrace.nl
290,optiwerk.nl
291,straatfotografieamsterdam.nl
292,nd.nl
293,airbnb.nl
294,beginthier.nl
295,nen.nl
296,webwinkelkeur.nl
297,pzc.nl
298,eerstekamer.nl
299,trimbos.nl
300,operaballet.nl
301,klantenvertellen.nl
302,noordhollandsdagblad.nl
303,cpb.nl
304,vn.nl
305,amnesty.nl
306,kieskeurig.nl
307,bookofraspelen.nl
308,fnv.nl
309,tele2.nl
310,paradiso.nl
311,tweeser.nl
312,gezondheidsnet.nl
313,ddw.nl
314,conrad.nl
315,sanoma.nl
316,inholland.nl
317,kinky.nl
318,umcg.nl
319,vng.nl
320,cbr.nl
321,noordhoff.nl
322,nemosciencemuseum.nl
323,studyinholland.nl
324,vogelbescherming.nl
325,evertkok.nl
326,online-stunt.nl
327,praktijkspiegels.nl
328,waterpowerhouse.nl
329,hku.nl
330,goedbegin.nl
331,vtr1000.nl
332,hartstichting.nl
333,ds1.nl
334,rembrandthuis.nl
335,minbuza.nl
336,npo3fm.nl
337,snsbank.nl
338,interrai-pedia.nl
339,uitzendinggemist.nl
340,nemokennislink.nl
341,zo-azie.nl
342,deltares.nl
343,beeldengeluid.nl
344,zorgkaartnederland.nl
345,libris.nl
346,revolutienetwerk.nl
347,eenvandaag.nl
348,ftm.nl
349,saxion.nl
350,flabber.nl
351,xsbb.nl
352,intermediair.nl
353,iae.nl
354,telfort.nl
355,delpher.nl
356,omropfryslan.nl
357,mamasvaneindhoven.nl
358,nvwa.nl
359,rd.nl
360,consuwijzer.nl
361,webcam.nl
362,achterwaarts.nl
363,binnenlandsbestuur.nl
364,netherlandsandyou.nl
365,nnadministratie.nl
366,nailtalk.nl
367,blokker.nl
368,rai.nl
369,mijnalbum.nl
370,amsterdam-dance-event.nl
371,kruidvat.nl
372,jeugdjournaal.nl
373,autowereld.nl
374,groenlinks.nl
375,npo3.nl
376,speurders.nl
377,ruu.nl
378,eigenstart.nl
379,sp.nl
380,astarteonline.nl
381,bax-shop.nl
382,quicknet.nl
383,forum2go.nl
384,quotenet.nl
385,yourhosting.nl
386,smulweb.nl
387,demo.nl
388,s-bb.nl
389,webklik.nl
390,krollermuller.nl
391,omroepzeeland.nl
392,nocnsf.nl
393,wivo-webdesign.nl
394,d66.nl
395,dse.nl
396,onzetaal.nl
397,kwf.nl
398,essayschrijvenhulp.nl
399,pvda.nl
400,eigenhuis.nl
401,9292ov.nl
402,babycare.nl
403,nporadio2.nl
404,ictrecht.nl
405,koran.nl
406,onderzoeksraad.nl
407,feyenoord.nl
408,artis.nl
409,omroepflevoland.nl
410,bright.nl
411,tpo.nl
412,l1.nl
413,dierenbescherming.nl
414,scp.nl
415,kunsthal.nl
416,ahk.nl
417,niedziela.nl
418,kadaster.nl
419,praxis.nl
420,wkap.nl
421,bruna.nl
422,1limburg.nl
423,unive.nl
424,ivn.nl
425,surfnet.nl
426,active24.nl
427,deondernemer.nl
428,deliveroo.nl
429,melkweg.nl
430,ov-chipkaart.nl
431,ovforumnederland.nl
432,fietsersbond.nl
433,groupon.nl
434,audiobookbay.nl
435,galaxyclub.nl
436,plus.nl
437,internetconsultatie.nl
438,dutchcowboys.nl
439,casino-echt-geld.nl
440,nn.nl
441,alternate.nl
442,whattowatch.nl
443,cultureelerfgoed.nl
444,libelle.nl
445,androidworld.nl
446,hpdetijd.nl
447,avans.nl
448,code2chicken.nl
449,nationaalarchief.nl
450,gamma.nl
451,3fm.nl
452,hogeschoolrotterdam.nl
453,speelgoedprijs.nl
454,gelderland.nl
455,nluug.nl
456,oneworld.nl
457,startbewijs.nl
458,coolen-pluijm.nl
459,perfectenagels.nl
460,axc.nl
461,nji.nl
462,radiologyassistant.nl
463,zonmw.nl
464,leonardo-elburg.nl
465,vvd.nl
466,wwf.nl
467,computeridee.nl
468,vumc.nl
469,antenna.nl
470,pwc.nl
471,huisdierengids.nl
472,ser.nl
473,538.nl
474,jwwb.nl
475,mt.nl
476,netherlandsworldwide.nl
477,tivolivredenburg.nl
478,bovag.nl
479,gemeentemuseum.nl
480,sagamtrading.nl
481,groningermuseum.nl
482,mpi.nl
483,dezwijger.nl
484,zilverenkruis.nl
485,e-act.nl
486,centraalmuseum.nl
487,bart.nl
488,sprout.nl
489,radio1.nl
490,antagonist.nl
491,bouwbedrijfansing.nl
492,itc.nl
493,bibliotheek.nl
494,ecowarrior.nl
495,dichtbij.nl
496,brandweer.nl
497,scientias.nl
498,reo-cc.nl
499,cobouw.nl
500,voetbalprimeur.nl
