1,google.fr
2,free.fr
3,amazon.fr
4,orange.fr
5,lemonde.fr
6,lefigaro.fr
7,leboncoin.fr
8,ebay.fr
9,blogspot.fr
10,unblog.fr
11,sfr.fr
12,ec-lyon.fr
13,francetvinfo.fr
14,rfi.fr
15,leparisien.fr
16,pole-emploi.fr
17,cnrs.fr
18,ouest-france.fr
19,louvre.fr
20,liberation.fr
21,caf.fr
22,lesechos.fr
23,paris.fr
24,credit-agricole.fr
25,pinterest.fr
26,ameli.fr
27,service-public.fr
28,cnil.fr
29,laposte.fr
30,legifrance.gouv.fr
31,bnf.fr
32,pagesperso-orange.fr
33,labanquepostale.fr
34,lexpress.fr
35,20minutes.fr
36,doctolib.fr
37,allocine.fr
38,wanadoo.fr
39,tf1.fr
40,lequipe.fr
41,inria.fr
42,lepoint.fr
43,vidal.fr
44,iarc.fr
45,archives-ouvertes.fr
46,edf.fr
47,gouvernement.fr
48,online.fr
49,pagesjaunes.fr
50,unistra.fr
51,sante.fr
52,urssaf.fr
53,interieur.gouv.fr
54,huffingtonpost.fr
55,larousse.fr
56,europe1.fr
57,tripadvisor.fr
58,latribune.fr
59,mediapart.fr
60,linternaute.fr
61,caisse-epargne.fr
62,linguee.fr
63,impots.gouv.fr
64,franceinter.fr
65,lycos.fr
66,rtl.fr
67,societegenerale.fr
68,ladepeche.fr
69,uca.fr
70,ens.fr
71,univ-lorraine.fr
72,franceculture.fr
73,sudouest.fr
74,vinted.fr
75,francebleu.fr
76,insee.fr
77,lci.fr
78,telerama.fr
79,doctissimo.fr
80,assemblee-nationale.fr
81,actu.fr
82,handbrake.fr
83,creditmutuel.fr
84,journaldesfemmes.fr
85,diplomatie.gouv.fr
86,senat.fr
87,univ-lyon1.fr
88,univ-grenoble-alpes.fr
89,cic.fr
90,leroymerlin.fr
91,france.fr
92,weborama.fr
93,musee-orsay.fr
94,centrepompidou.fr
95,apec.fr
96,banquepopulaire.fr
97,ionos.fr
98,education.fr
99,letour.fr
100,lavoixdunord.fr
101,slate.fr
102,culture.fr
103,persee.fr
104,thelocal.fr
105,unice.fr
106,jussieu.fr
107,ina.fr
108,univ-lille.fr
109,inra.fr
110,univ-paris1.fr
111,u-strasbg.fr
112,capital.fr
113,elle.fr
114,airbnb.fr
115,sciencespo.fr
116,ratp.fr
117,inist.fr
118,elysee.fr
119,6play.fr
120,ademe.fr
121,challenges.fr
122,lcl.fr
123,lejdd.fr
124,u-bordeaux.fr
125,carrefour.fr
126,webnode.fr
127,ac-versailles.fr
128,u-pec.fr
129,inserm.fr
130,voila.fr
131,ens-lyon.fr
132,letudiant.fr
133,mnhn.fr
134,univ-poitiers.fr
135,leprogres.fr
136,education.gouv.fr
137,banque-france.fr
138,pasteur.fr
139,openstreetmap.fr
140,airfrance.fr
141,businessinsider.fr
142,letelegramme.fr
143,bouyguestelecom.fr
144,cirad.fr
145,univ-amu.fr
146,eventbrite.fr
147,chateauversailles.fr
148,univ-nantes.fr
149,laredoute.fr
150,cea.fr
151,eurosport.fr
152,monde-diplomatique.fr
153,u-psud.fr
154,cnam.fr
155,vogue.fr
156,santepubliquefrance.fr
157,auchan.fr
158,auvergnerhonealpes.fr
159,chez-alice.fr
160,femmeactuelle.fr
161,psg.fr
162,manomano.fr
163,marieclaire.fr
164,datingavis.fr
165,france3.fr
166,over-blog.fr
167,meteociel.fr
168,sciencesetavenir.fr
169,canalplus.fr
170,midilibre.fr
171,onlinehome.fr
172,zdnet.fr
173,france2.fr
174,univ-paris13.fr
175,flashscore.fr
176,enedis.fr
177,vie-publique.fr
178,decathlon.fr
179,cnews.fr
180,ooreka.fr
181,ants.gouv.fr
182,humanite.fr
183,u-picardie.fr
184,radiofrance.fr
185,iledefrance.fr
186,catholique.fr
187,univ-rennes1.fr
188,fdj.fr
189,club-internet.fr
190,lindependant.fr
191,leadplace.fr
192,univ-lille1.fr
193,univ-tours.fr
194,anses.fr
195,cnrtl.fr
196,unicaen.fr
197,chronopost.fr
198,operadeparis.fr
199,xooit.fr
200,matchendirect.fr
201,veepee.fr
202,has-sante.fr
203,bpifrance.fr
204,francetv.fr
205,in2p3.fr
206,unilim.fr
207,wiki-peps.fr
208,iadfrance.fr
209,univ-rouen.fr
210,ird.fr
211,grenet.fr
212,premiere.fr
213,club.fr
214,onisep.fr
215,laregion.fr
216,sephora.fr
217,obspm.fr
218,upmc.fr
219,festival-cannes.fr
220,franceconnect.gouv.fr
221,inrae.fr
222,polytechnique.fr
223,ac-lille.fr
224,pokepedia.fr
225,univ-paris8.fr
226,ac-dijon.fr
227,cadremploi.fr
228,journaldunet.fr
229,croix-rouge.fr
230,lidl.fr
231,cite-sciences.fr
232,viamichelin.fr
233,lanouvellerepublique.fr
234,atlantico.fr
235,synonymo.fr
236,univ-pau.fr
237,u-bourgogne.fr
238,universite-paris-saclay.fr
239,francesoir.fr
240,cnes.fr
241,lws.fr
242,univ-mrs.fr
243,franceinfo.fr
244,gameblog.fr
245,demande-logement-social.gouv.fr
246,imag.fr
247,gala.fr
248,fun-mooc.fr
249,ac-creteil.fr
250,typepad.fr
251,zalando.fr
252,uphf.fr
253,estrepublicain.fr
254,eklablog.fr
255,cnetfrance.fr
256,aphp.fr
257,etudiant.gouv.fr
258,univ-lyon2.fr
259,castorama.fr
260,ac-bordeaux.fr
261,cmb.fr
262,developpement-durable.gouv.fr
263,ircam.fr
264,dna.fr
265,neuf.fr
266,francefootball.fr
267,agoravox.fr
268,universalis.fr
269,renater.fr
270,urlz.fr
271,loria.fr
272,infogreffe.fr
273,gmx.fr
274,ups-tlse.fr
275,ifremer.fr
276,ac-aix-marseille.fr
277,largus.fr
278,fff.fr
279,1and1.fr
280,rueducommerce.fr
281,decitre.fr
282,ehess.fr
283,univ-paris-diderot.fr
284,eelv.fr
285,sciences-po.fr
286,dauphine.fr
287,conforama.fr
288,sorbonne.fr
289,conseil-constitutionnel.fr
290,parisaeroport.fr
291,lyon.fr
292,inpi.fr
293,gamewave.fr
294,facebook-danger.fr
295,hardware.fr
296,inrs.fr
297,ac-rouen.fr
298,republicain-lorrain.fr
299,voici.fr
300,ac-rennes.fr
301,grandpalais.fr
302,ac-nantes.fr
303,gallimard.fr
304,lamontagne.fr
305,utc.fr
306,onlc.fr
307,bloooo.fr
308,engie.fr
309,ac-grenoble.fr
310,118712.fr
311,xn--mto-bmab.fr
312,maaf.fr
313,maxifoot.fr
314,archi.fr
315,rugbyrama.fr
316,abritel.fr
317,monuments-nationaux.fr
318,univ-fcomte.fr
319,univ-toulouse.fr
320,axa.fr
321,paruvendu.fr
322,actionlogement.fr
323,lacentrale.fr
324,musee-rodin.fr
325,just-eat.fr
326,afd.fr
327,univ-paris3.fr
328,dcode.fr
329,colette.fr
330,sorbonne-universite.fr
331,ujf-grenoble.fr
332,closermag.fr
333,u-paris.fr
334,france5.fr
335,quaibranly.fr
336,usine-digitale.fr
337,univ-montp2.fr
338,france-education-international.fr
339,mondialrelay.fr
340,univ-paris5.fr
341,reseau-canope.fr
342,pap.fr
343,paris-sorbonne.fr
344,ladocumentationfrancaise.fr
345,editions-harmattan.fr
346,ciep.fr
347,metronews.fr
348,msa.fr
349,parisdescartes.fr
350,aujourdhui.fr
351,cned.fr
352,frenchweb.fr
353,but.fr
354,essonne.fr
355,tomsguide.fr
356,notredamedeparis.fr
357,pmu.fr
358,bordeaux.fr
359,univ-lehavre.fr
360,lip6.fr
361,presse.fr
362,lopinion.fr
363,parcoursup.fr
364,toulouse.fr
365,forbes.fr
366,lemondeinformatique.fr
367,odns.fr
368,umontpellier.fr
369,college-de-france.fr
370,alternatives-economiques.fr
371,ign.fr
372,ac-nancy-metz.fr
373,univ-tlse2.fr
374,santemagazine.fr
375,insa-lyon.fr
376,charliehebdo.fr
377,enthdf.fr
378,book.fr
379,academie-francaise.fr
380,conseil-etat.fr
381,univ-angers.fr
382,ac-reims.fr
383,taize.fr
384,u-paris2.fr
385,monsite-orange.fr
386,infoclimat.fr
387,renault.fr
388,cotemaison.fr
389,e-lyco.fr
390,ac-lyon.fr
391,docplayer.fr
392,ac-paris.fr
393,lemoniteur.fr
394,bricodepot.fr
395,meteo.fr
396,lsa-conso.fr
397,cndp.fr
398,univ-tln.fr
399,caissedesdepots.fr
400,francemusique.fr
401,paperblog.fr
402,rcf.fr
403,univ-brest.fr
404,paris-normandie.fr
405,tiscali.fr
406,edf-oa.fr
407,vso-software.fr
408,normandie-univ.fr
409,e-marketing.fr
410,demarches-simplifiees.fr
411,cinematheque.fr
412,meteofrance.fr
413,ined.fr
414,theses.fr
415,lalsace.fr
416,geo.fr
417,yahoo.fr
418,nantes.fr
419,parisnanterre.fr
420,michelin.fr
421,fft.fr
422,cci-paris-idf.fr
423,noos.fr
424,melty.fr
425,univ-lemans.fr
426,philharmoniedeparis.fr
427,monoprix.fr
428,net-entreprises.fr
429,irsn.fr
430,billetweb.fr
431,cosmopolitan.fr
432,public.fr
433,monbureaunumerique.fr
434,nrj.fr
435,cef.fr
436,businessfrance.fr
437,autoplus.fr
438,smc.fr
439,francetelevisions.fr
440,meetic.fr
441,forumpro.fr
442,courdecassation.fr
443,superprof.fr
444,brgm.fr
445,lri.fr
446,afnic.fr
447,arcep.fr
448,numericable.fr
449,hauts-de-seine.fr
450,grazia.fr
451,ac-martinique.fr
452,allodocteurs.fr
453,blablacar.fr
454,hitek.fr
455,courrier-picard.fr
456,nintendo.fr
457,jeux.fr
458,ccomptes.fr
459,groupama.fr
460,siecledigital.fr
461,mahjong.fr
462,glassdoor.fr
463,pirlotv.fr
464,lyoncapitale.fr
465,planet.fr
466,vanityfair.fr
467,ac-poitiers.fr
468,publicsenat.fr
469,leclercdrive.fr
470,englishcoach.fr
471,ac-toulouse.fr
472,sitew.fr
473,marseille.fr
474,fondationlouisvuitton.fr
475,m6.fr
476,arvato.fr
477,politis.fr
478,irko.fr
479,groupon.fr
480,lassuranceretraite.fr
481,monster.fr
482,silicon.fr
483,pharmfrancaise.fr
484,grenoble-inp.fr
485,normandie-tourisme.fr
486,matutinal.fr
487,irisa.fr
488,wwf.fr
489,multimania.fr
490,deliveroo.fr
491,sacem.fr
492,univ-orleans.fr
493,univ-lyon3.fr
494,gqmagazine.fr
495,edreams.fr
496,lepermislibre.fr
497,amen.fr
498,aol.fr
499,cam4.fr
500,mangerbouger.fr