1,google.com.cy
2,politis.com.cy
3,ucy.ac.cy
4,unic.ac.cy
5,cysec.gov.cy
6,mfa.gov.cy
7,mof.gov.cy
8,pio.gov.cy
9,euc.ac.cy
10,moi.gov.cy
11,kathimerini.com.cy
12,cytanet.com.cy
13,cyprusflightpass.gov.cy
14,mcit.gov.cy
15,moec.gov.cy
16,gamosmagazine.com.cy
17,cyprus.gov.cy
18,mcw.gov.cy
19,cut.ac.cy
20,cna.org.cy
21,cypruspost.gov.cy
22,reporter.com.cy
23,stoiximan.com.cy
24,bet365.com.cy
25,ouc.ac.cy
26,mlsi.gov.cy
27,moa.gov.cy
28,cyta.com.cy
29,ant1.com.cy
30,gesy.org.cy
31,schools.ac.cy
32,offsite.com.cy
33,moh.gov.cy
34,dataprotection.gov.cy
35,dialogos.com.cy
36,capoffices.com.cy
37,refleet.com.cy
38,centralbank.gov.cy
39,cyi.ac.cy
40,blogspot.com.cy
41,cybc.com.cy
42,eurolife.com.cy
43,bankofcyprus.com.cy
44,frederick.ac.cy
45,nup.ac.cy
46,stockwatch.com.cy
47,cablenet.com.cy
48,primetel.com.cy
49,loli.cy
50,churchofcyprus.org.cy
51,limassolmunicipal.com.cy
52,fastcashloans.com.cy
53,biz.com.cy
54,infokids.cy
55,dias.ac.cy
56,nicosia.org.cy
57,24sports.com.cy
58,apoelfc.com.cy
59,taxidistinekpedeusi.com.cy
60,thalassaemia.org.cy
61,ccci.org.cy
62,skywisp.com.cy
63,public-cyprus.com.cy
64,centralbank.cy
65,fourseasons.com.cy
66,artandwine.com.cy
67,cyprusbutterfly.com.cy
68,cse.com.cy
69,cfa.com.cy
70,uclancyprus.ac.cy
71,alphabank.com.cy
72,eurobank.com.cy
73,leroymerlin.com.cy
74,ciim.ac.cy
75,police.gov.cy
76,eac.com.cy
77,ikea.com.cy
78,visitpafos.org.cy
79,typos.com.cy
80,visitcyprus.org.cy
81,castcrown.com.cy
82,brief.com.cy
83,zipy.com.cy
84,pi.ac.cy
85,riknews.com.cy
86,24h.com.cy
87,cytoday.com.cy
88,presidency.gov.cy
89,ebos.com.cy
90,apollon.com.cy
91,parimatch.com.cy
92,goldnews.com.cy
93,pwc.com.cy
94,research.org.cy
95,alphacyprus.com.cy
96,ansil.com.cy
97,coupons.cy
98,homedeco.com.cy
99,foody.com.cy
100,must.com.cy
101,akel.org.cy
102,asbis.com.cy
103,athlokinisi.com.cy
104,omegalive.com.cy
105,7solutions.com.cy
106,icreate.com.cy
107,mtn.com.cy
108,medihospital.com.cy
109,betonalfa.com.cy
110,lordosbeach.com.cy
111,immorfou.org.cy
112,nba.gov.cy
113,splash.com.cy
114,epic.com.cy
115,canon.com.cy
116,2gis.com.cy
117,superhome.com.cy
118,investcyprus.org.cy
119,balla.com.cy
120,sslvpn.gov.cy
121,odysseuspublishing.com.cy
122,raphael.com.cy
123,nrzjb.com.cy
124,betmarket.com.cy
125,ygeiawatch.com.cy
126,music.net.cy
127,lidl.com.cy
128,stephanis.com.cy
129,parga.com.cy
130,nrzj.com.cy
131,fxpro.com.cy
132,mixanitouxronou.com.cy
133,nrz.com.cy
134,pii.ac.cy
135,kissfm.com.cy
136,orbex.com.cy
137,multitech.com.cy
138,capo.gov.cy
139,newsit.com.cy
140,sportsbreak.com.cy
141,computergeeks.com.cy
142,bigcyprus.com.cy
143,desertcart.com.cy
144,privesports.com.cy
145,coh2b.com.cy
146,pcr.cy
147,newsbomb.com.cy
148,ubet.com.cy
149,coh2.com.cy
150,coh.com.cy
151,companies.gov.cy
152,netshop-isp.com.cy
153,shso.org.cy
154,avant-garde.com.cy
155,meridianbet.com.cy
156,rolls.com.cy
157,eprocurement.gov.cy
158,mylife.com.cy
159,bloomdefleur.com.cy
160,apfonline.com.cy
161,icpac.org.cy
162,anex.com.cy
163,armenius.com.cy
164,eey.gov.cy
165,dom.com.cy
166,supermarketcy.com.cy
167,angelsworld.com.cy
168,eshopwedrop.com.cy
169,e-shop.cy
170,atyourservice.com.cy
171,parapharmacie.com.cy
172,sport-fm.com.cy
173,careerfinders.com.cy
174,omegatv.com.cy
175,meci.gov.cy
176,imconstantias.org.cy
177,lemgreg.com.cy
178,nespresso.com.cy
179,bionic.com.cy
180,icellshop.com.cy
181,pikkt.com.cy
182,studentlife.com.cy
183,k-energy.com.cy
184,annabelle.com.cy
185,singular.com.cy
186,8nnrx.com.cy
187,fit.ac.cy
188,fetch.com.cy
189,tannd.com.cy
190,treasury.gov.cy
191,hrda.org.cy
192,homemarket.com.cy
193,zerotime.com.cy
194,pik.com.cy
195,8nn.com.cy
196,cytavision.com.cy
197,sexshopcyprus.com.cy
198,electroline.com.cy
199,klm.com.cy
200,alithia.com.cy
201,mangas.com.cy
202,gqtjq.com.cy
203,mrbricolage.com.cy
204,www.parliament.cy
205,apf.com.cy
206,8yaij.com.cy
207,democraticparty.org.cy
208,alphamega.com.cy
209,cypruslibraries.ac.cy
210,kridiotis.com.cy
211,cyens.org.cy
212,hollandandbarrett.com.cy
213,topbookmakers.com.cy
214,tan.com.cy
215,civildefence.com.cy
216,ieee.org.cy
217,mif.org.cy
218,mie2n.com.cy
219,pikk.com.cy
220,8nnr.com.cy
221,technosound.com.cy
222,tann.com.cy
223,sek.com.cy
224,goldenbay.com.cy
225,defenceredefined.com.cy
226,8ya.com.cy
227,larnakaonline.com.cy
228,hipp.com.cy
229,imtamasou.org.cy
230,bbq.com.cy
231,mie.com.cy
232,mie2.com.cy
233,massif.com.cy
234,iva.cy
235,kepa.gov.cy
236,animafest.com.cy
237,podiatry.org.cy
238,skroutz.com.cy
239,8yai.com.cy
240,koek.org.cy
241,pi-eggrafes.ac.cy
242,myassistant.com.cy
243,moufflon.com.cy
244,rlukj.com.cy
245,hellomama.com.cy
246,burgerking.com.cy
247,gqtj.com.cy
248,gqt.com.cy
249,eureka.com.cy
250,law.gov.cy
251,burgerkingdelivers.com.cy
252,mcmillanwoods.com.cy
253,vld.cy
254,ergoenergy.com.cy
255,goc.com.cy
256,opap.org.cy
257,toolwarehouse.com.cy
258,lovelypets.com.cy
259,nic.cy
260,laptopsclearance.com.cy
261,krc.com.cy
262,nakas.com.cy
263,newera.com.cy
264,energy.gov.cy
265,mod.gov.cy
266,oeb.org.cy
267,pdc.com.cy
268,bevisible.com.cy
269,www2.parliament.cy
270,myseminars.com.cy
271,kitchenmall.cy
272,greatgames.com.cy
273,intersport.com.cy
274,offer.com.cy
275,nicosiamunicipality.org.cy
276,anytimeonline.com.cy
277,britishcouncil.com.cy
278,polihome.com.cy
279,watchfinder.cy
280,advancecareer.com.cy
281,goldencareers.com.cy
282,pade.cy
283,naac.org.cy
284,match.cy
285,hte.com.cy
286,realsubstance.com.cy
287,mastercard.com.cy
288,kryfoscholio.ac.cy
289,era.com.cy
290,atsas.com.cy
291,hma.com.cy
292,kykkos.org.cy
293,mastoremata.com.cy
294,cycollege.ac.cy
295,cybersafety.cy
296,lwb.org.cy
297,veluda.com.cy
298,altamirarealestate.com.cy
299,economico.com.cy
300,cairomezz.com.cy
301,mesitis.com.cy
302,directdeals.com.cy
303,polarity.com.cy
304,agrotourism.com.cy
305,jcc.com.cy
306,kariera.com.cy
307,soundtech.com.cy
308,byte.com.cy
309,symepa.gov.cy
310,cap.com.cy
311,muskita.com.cy
312,nora.com.cy
313,domviolence.org.cy
314,digitaltree.com.cy
315,honda.com.cy
316,nationalpost.com.cy
317,antoniadis.com.cy
318,nbg.com.cy
319,intellectualproperty.gov.cy
320,dns.cy
321,holysmokeshishabar.com.cy
322,intercollege.ac.cy
323,bococ.org.cy
324,seps.org.cy
325,audit.gov.cy
326,rlu.com.cy
327,cgf.org.cy
328,seascape.cy
329,spk.com.cy
330,medialink.com.cy
331,globostar.com.cy
332,eworkswsi.com.cy
333,cyhrma.org.cy
334,xsite.com.cy
335,mjpo.gov.cy
336,oneway.com.cy
337,rusdate.cy
338,kia.com.cy
339,coupons.com.cy
340,voiceoftheisland.com.cy
341,giannakazakou.com.cy
342,marlow.com.cy
343,car.com.cy
344,ellada.cy
345,csktheocharous.com.cy
346,hellasdirect.com.cy
347,erasmusplus.cy
348,inshape.com.cy
349,harisantoniou.com.cy
350,intranet.gov.cy
351,owa.gov.cy
352,xtr.com.cy
353,ydrogios.com.cy
354,madamefigaro.cy
355,elections.gov.cy
356,plus500.com.cy
357,compuagora.com.cy
358,digitaltv.com.cy
359,lawyer.com.cy
360,dataflow.com.cy
361,x7wp7.com.cy
362,nomisma.com.cy
363,realtor.com.cy
364,ltc.com.cy
365,ltcx7.com.cy
366,infobel.com.cy
367,akinita.com.cy
368,bbqyp.com.cy
369,deok.org.cy
370,opapbet.com.cy
371,aresproperties.com.cy
372,dms.gov.cy
373,sek.org.cy
374,lovelife.com.cy
375,kidsgo.com.cy
376,cima.ac.cy
377,actrading.com.cy
378,kanali6.com.cy
379,oleastro.com.cy
380,ddv.com.cy
381,goldenkey.com.cy
382,autokinito.com.cy
383,x7w.com.cy
384,x7wp.com.cy
385,7zl.com.cy
386,ltcx.com.cy
387,qug.com.cy
388,douleutaras.com.cy
389,pts9h.com.cy
390,amc.com.cy
391,mynameismom.com.cy
392,o50c3.com.cy
393,digicom.com.cy
394,so8lw.com.cy
395,ddvvm.com.cy
396,egalaxy.com.cy
397,7zlg.com.cy
398,7zlgz.com.cy
399,xnb1.com.cy
400,qugxv.com.cy
401,pts.com.cy
402,pts9.com.cy
403,bbqy.com.cy
404,bhdqv.com.cy
405,lkv.com.cy
406,olc.gov.cy
407,so8.com.cy
408,motorace.com.cy
409,m3p.com.cy
410,m3pgz.com.cy
411,partycity.com.cy
412,23wvb.com.cy
413,tfipn.com.cy
414,svaestates.com.cy
415,6ybgd.com.cy
416,sls.com.cy
417,slsrg.com.cy
418,d1w.com.cy
419,d1w9o.com.cy
420,ddvv.com.cy
421,sgw.cy
422,plib0.com.cy
423,qugx.com.cy
424,lkveq.com.cy
425,bhd.com.cy
426,splendid.com.cy
427,zclyc.com.cy
428,xnb.com.cy
429,o50.com.cy
430,z6egv.com.cy
431,primedesign.com.cy
432,papel.cy
433,fan.cy
434,incyprus.com.cy
435,pqfo.com.cy
436,23w.com.cy
437,h3jz.com.cy
438,h3jza.com.cy
439,segv.com.cy
440,6ybg.com.cy
441,slsr.com.cy
442,d1w9.com.cy
443,bhdq.com.cy
444,phqg0.com.cy
445,hartziotis.com.cy
446,vgc4.com.cy
447,vgc4b.com.cy
448,m3pg.com.cy
449,acappela.com.cy
450,bfqwg.com.cy
451,h3j.com.cy
452,reoh.com.cy
453,23wv.com.cy
454,pvs.com.cy
455,6yb.com.cy
456,segvm.com.cy
457,gadgetshouse.com.cy
458,pli.com.cy
459,phq.com.cy
460,phqg.com.cy
461,fiat.com.cy
462,agathocleous.com.cy
463,aglantzia.org.cy
464,eratosthenes.org.cy
465,aek.com.cy
466,immix.com.cy
467,wd40.com.cy
468,nedeco.com.cy
469,rabel.com.cy
470,psaltis.com.cy
471,mydeejay.com.cy
472,giovani.com.cy
473,cloudtech.com.cy
474,zenithfm.com.cy
475,iaiacap.gov.cy
476,vistabazaar.com.cy
477,epicpay.com.cy
478,neakypros.com.cy
479,cystat.gov.cy
480,powersound.com.cy
481,netconnect.com.cy
482,metro.com.cy
483,buyme.cy
484,klikfm.com.cy
485,wbl.com.cy
486,cyprusvillages.com.cy
487,logos.ac.cy
488,aisc.ac.cy
489,gcsc.ac.cy
490,knowyourdoctor.com.cy
491,visitnicosia.com.cy
492,extraenergy.com.cy
493,numbers.com.cy
494,cothm.ac.cy
495,crystalline.com.cy
496,wolfordshop.com.cy
497,ee.cy
498,grandoptical.com.cy
499,aucy.com.cy
500,defa.com.cy
