1,google.hr
2,index.hr
3,jutarnji.hr
4,breezy.hr
5,dnevnik.hr
6,24sata.hr
7,vecernji.hr
8,unizg.hr
9,skole.hr
10,srce.hr
11,net.hr
12,pevex.hr
13,tportal.hr
14,croatia.hr
15,njuskalo.hr
16,slobodnadalmacija.hr
17,hrt.hr
18,bug.hr
19,aaiedu.hr
20,rtl.hr
21,irb.hr
22,gov.hr
23,narod.hr
24,foi.hr
25,carnet.hr
26,blog.hr
27,np-plitvicka-jezera.hr
28,nn.hr
29,mup.hr
30,novilist.hr
31,geek.hr
32,jadrolinija.hr
33,fer.hr
34,mvep.hr
35,euredski.hr
36,poslovni.hr
37,meteo.hr
38,telegram.hr
39,forum.hr
40,zaba.hr
41,posta.hr
42,mojtv.hr
43,zsem.hr
44,glasistre.hr
45,maxportal.hr
46,zagreb.hr
47,uniri.hr
48,blogspot.hr
49,unist.hr
50,hrvatskitelekom.hr
51,webhosting-wmd.hr
52,erstebank.hr
53,unios.hr
54,koronavirus.hr
55,hak.hr
56,hzz.hr
57,porezna-uprava.hr
58,gloria.hr
59,hzjz.hr
60,nacional.hr
61,overseas.hr
62,nsk.hr
63,t-com.hr
64,iskon.hr
65,soft-pro.hr
66,hnb.hr
67,hgk.hr
68,lutrija.hr
69,057info.hr
70,palijativa.hr
71,dzs.hr
72,autoskola.hr
73,pbz.hr
74,dnevno.hr
75,istra.hr
76,psk.hr
77,workline.hr
78,monitor.hr
79,hns-cff.hr
80,otpbanka.hr
81,utp.hr
82,zakon.hr
83,pdkrndija.hr
84,dodir.hr
85,vendlog.hr
86,jeklotehna-ting.hr
87,enciklopedija.hr
88,hep.hr
89,glas-slavonije.hr
90,klik.hr
91,mojidani.hr
92,supersport.hr
93,inet.hr
94,okud-istra.hr
95,antenazadar.hr
96,apartments-baskavoda.com.hr
97,ponudadana.hr
98,zagreb-airport.hr
99,a1.hr
100,hpd-malacka.hr
101,fina.hr
102,advance.hr
103,unizd.hr
104,znet.hr
105,strukturnifondovi.hr
106,zlatnimedvjed.com.hr
107,htnet.hr
108,ekupi.hr
109,konzum.hr
110,knjigra.hr
111,www.hr
112,pravosudje.hr
113,addiko.hr
114,vlada.hr
115,download.hr
116,asseco-see.hr
117,simplify.hr
118,plivazdravlje.hr
119,sabor.hr
120,crorec.hr
121,mnovine.hr
122,hac.hr
123,sage.hr
124,tzdubrovnik.hr
125,biz.hr
126,direktno.hr
127,split-airport.hr
128,np-krka.hr
129,jeftinije.hr
130,multilink.hr
131,ffzg.hr
132,airport-dubrovnik.hr
133,peugeot-rentacar.hr
134,story.hr
135,eloda.hr
136,hpb.hr
137,vipnet.hr
138,mzos.hr
139,dalmacijadanas.hr
140,linker.hr
141,dalmatinskiportal.hr
142,links.hr
143,hina.hr
144,agathon.hr
145,znanje.hr
146,ina.hr
147,hzpp.hr
148,vef.hr
149,pbzcard.hr
150,zv.hr
151,srednja.hr
152,mirovinsko.hr
153,bloger.hr
154,isvu.hr
155,npkrka.hr
156,rba.hr
157,zdravlje.hr
158,mfa.hr
159,mdc.hr
160,obrtskolgm.hr
161,konektira.hr
162,azop.hr
163,sport-vrsar.com.hr
164,cake.hr
165,ht.hr
166,akz.hr
167,medjugorje.hr
168,tequila-band.com.hr
169,mbbs.hr
170,terminal.hr
171,sesvete-danas.hr
172,gnkdinamo.hr
173,min-kulture.hr
174,centar-kontakta.hr
175,mps.hr
176,hzzo.hr
177,croatiaairlines.hr
178,blitz-cinestar.hr
179,arriva.com.hr
180,hznet.hr
181,krenizdravo.hr
182,pd-glasistre.hr
183,hazu.hr
184,hrportfolio.hr
185,roda.hr
186,animafest.hr
187,camping.hr
188,rijeka.hr
189,journal.hr
190,zadar-airport.hr
191,fsb.hr
192,zmiz.hr
193,hcl.hr
194,protuprovala.hr
195,czssdstubica.hr
196,otvoreni.hr
197,radio-banovina.hr
198,htz.hr
199,kisikana.hr
200,ntk-grupa.hr
201,zubi.hr
202,infozagreb.hr
203,zagreb-touristinfo.hr
204,grafika-spektar.hr
205,fkit.hr
206,uredjenazemlja.hr
207,nk-rijeka.hr
208,prognoza.hr
209,034portal.hr
210,zupa-senkovec.hr
211,eventim.hr
212,zadarskilist.hr
213,pulainfo.hr
214,gp1.hr
215,ikoma.hr
216,posao.hr
217,fesb.hr
218,propisi.hr
219,siltex.hr
220,atolit.hr
221,imi.hr
222,doliatravel.hr
223,regionalexpress.hr
224,e-skole.hr
225,adriatic.hr
226,opcina-mala-subotica.hr
227,np-brijuni.hr
228,dongradnja.hr
229,efst.hr
230,fashion.hr
231,intergrav.hr
232,smartnet.hr
233,ffos.hr
234,sportklub.hr
235,instar-informatika.hr
236,mgipu.hr
237,hkm.hr
238,marljivo.hr
239,zet.hr
240,prijatelji-zivotinja.hr
241,faktograf.hr
242,entrio.hr
243,msu.hr
244,mfin.hr
245,matica.hr
246,hck.hr
247,uniline.hr
248,fightsite.hr
249,vcz.hr
250,dubrovnik.hr
251,mastercard.hr
252,hajduk.hr
253,kgz.hr
254,atma.hr
255,mingo.hr
256,mobilnost.hr
257,lzmk.hr
258,glas-koncila.hr
259,hdlu.hr
260,zse.hr
261,pcchip.hr
262,favbet.hr
263,airport-pula.hr
264,optinet.hr
265,jpmoto.com.hr
266,uzks.hr
267,izbori.hr
268,katastar.hr
269,dubrovnik-festival.hr
270,vjesnik.hr
271,goblin.hr
272,izor.hr
273,fininfo.hr
274,evarazdin.hr
275,fzoeu.hr
276,express.hr
277,muzika.hr
278,vilakralj.hr
279,hfd.hr
280,visa.com.hr
281,ohyeahh.com.hr
282,eu2020.hr
283,xagent.hr
284,decathlon.hr
285,rijeka-airport.hr
286,mint.hr
287,tel.hr
288,oglasnik.hr
289,mzu.hr
290,dombuzet.hr
291,vip.hr
292,morh.hr
293,mi2.hr
294,ekspert-gradnja.hr
295,sportvision.hr
296,hks.hr
297,event-horizon.hr
298,spar.hr
299,metro-portal.hr
300,radiodalmacija.hr
301,placebo.hr
302,superknjizara.hr
303,fitness.com.hr
304,sturmnekretnine.hr
305,kvarner.hr
306,aplikata.hr
307,zadar.hr
308,np-kornati.hr
309,mall.hr
310,predsjednik.hr
311,emmezeta.hr
312,meteo-info.hr
313,slobodnahrvatska.hr
314,krk.hr
315,math.hr
316,hnk.hr
317,sbplus.hr
318,glami.hr
319,istra-istria.hr
320,sms.hr
321,skolskaknjiga.hr
322,unipu.hr
323,autotrans.hr
324,sczg.hr
325,opgzvh.hr
326,algebra.hr
327,split.hr
328,moj-eracun.hr
329,sistemi.hr
330,gkk.hr
331,culturenet.hr
332,kreanca.hr
333,podravka.hr
334,pmf.hr
335,bauhaus.hr
336,centarzdravlja.hr
337,buro247.hr
338,raminapomorstvo.hr
339,pulafilmfestival.hr
340,ihjj.hr
341,diners.com.hr
342,arenacasino.hr
343,agr.hr
344,dziv.hr
345,dulist.hr
346,mvinfo.hr
347,dalmatia.hr
348,krilo.hr
349,apprrr.hr
350,dom2.hr
351,havc.hr
352,esplanade.hr
353,np-sjeverni-velebit.hr
354,elipso.hr
355,oxidian.hr
356,apartmanija.hr
357,hic.hr
358,lipapromet.hr
359,moderator.hr
360,dalmacijanews.hr
361,mef.hr
362,americanexpress.hr
363,c-a.com.hr
364,mrrfeu.hr
365,cackalo.hr
366,mppi.hr
367,unidu.hr
368,hbk.hr
369,hps.hr
370,carina.hr
371,hnkvz.hr
372,lidl.hr
373,vidi.hr
374,hamagbicro.hr
375,hanfa.hr
376,paklenica.hr
377,rm-hr.hr
378,dns.hr
379,safestayincroatia.hr
380,pula.hr
381,colorful.hr
382,vecernji-list.hr
383,ifs.hr
384,osijek.hr
385,voda.hr
386,gorican.hr
387,proteka.hr
388,gong.hr
389,np-paklenica.hr
390,ljevak.hr
391,studentski.hr
392,arhiv.hr
393,zaton.hr
394,radio101.hr
395,alfa-leasing.hr
396,radiostudent.hr
397,np-mljet.hr
398,hok.hr
399,hkv.hr
400,ijf.hr
401,100posto.hr
402,liderpress.hr
403,kornati.hr
404,hbor.hr
405,haop.hr
406,mvp.hr
407,ncvvo.hr
408,antenazagreb.hr
409,mzoip.hr
410,instyle.hr
411,cosmopolitan.hr
412,autoportal.hr
413,kaufland.hr
414,xnet.hr
415,hup.hr
416,erstecardclub.hr
417,dubrovacki.hr
418,unin.hr
419,bistroarka.hr
420,novatv.hr
421,linux.hr
422,ffst.hr
423,phy.hr
424,open.hr
425,visitrijeka.hr
426,usud.hr
427,vbtours.hr
428,hbogo.hr
429,subtitles.hr
430,ulaznice.hr
431,sjene.hr
432,kkdiamant.hr
433,podobnik.hr
434,migracije.hr
435,ak-split.hr
436,azoo.hr
437,crosig.hr
438,business.hr
439,freemeteo.com.hr
440,mim-sraga.hr
441,foodex.hr
442,verbum.hr
443,medils.hr
444,hakom.hr
445,morski.hr
446,amz.hr
447,mok.hr
448,posluh.hr
449,ezadar.hr
450,tvz.hr
451,laudato.hr
452,diners.hr
453,mzo.hr
454,visitdubrovnik.hr
455,lisinski.hr
456,sibenik.hr
457,e-sfera.hr
458,civilnodrustvo.hr
459,ims.hr
460,esf.hr
461,halmed.hr
462,zadarnews.hr
463,dgu.hr
464,mojkvart.hr
465,muo.hr
466,dubrovniknet.hr
467,matis.hr
468,pondi.hr
469,skolskiportal.hr
470,oris.hr
471,dm.hr
472,changecode.hr
473,pik-vrbovec.hr
474,teatar.hr
475,biobio.hr
476,nocmuzeja.hr
477,stotinka.hr
478,brijuni.hr
479,zvu.hr
480,globalnet.hr
481,radio-mreznica.hr
482,liburnia.hr
483,vrijeme.hr
484,splitfilmfestival.hr
485,ktf-split.hr
486,parkovihrvatske.hr
487,jysk.hr
488,vivascaffe.hr
489,peruna.hr
490,medjimurski.hr
491,mikato.hr
492,booksa.hr
493,faber-arhitekt.hr
494,botanic.hr
495,dubrovnik-tours.hr
496,portaloko.hr
497,pravopis.hr
498,cmj.hr
499,avalon.hr
500,sibenik-tourism.hr
